"sim","N","beta0","beta1","beta2","q","eta1","eta0","ppv","queried_ppv","avg_prev","fpr","beta0_gs","se_beta0_gs","beta1_gs","se_beta1_gs","beta2_gs","se_beta2_gs","eta0_gs","se_eta0_gs","eta1_gs","se_eta1_gs","beta0_n","se_beta0_n","beta1_n","se_beta1_n","beta2_n","se_beta2_n","eta0_n","se_eta0_n","eta1_n","se_eta1_n","beta0_cc","se_beta0_cc","beta1_cc","se_beta1_cc","beta2_cc","se_beta2_cc","eta0_cc","se_eta0_cc","eta1_cc","se_eta1_cc","beta0_mle","se_beta0_mle","beta1_mle","se_beta2_mle","beta2_mle","se_beta1_mle","eta0_mle","se_eta0_mle","eta1_mle","se_eta1_mle","mle_msg","sim_msg"
"seed1031-run1",2200,-2.2778541,0.1764544,0.1413503,0.1,0.3897812,0,0.5,0.518181818181818,0.111836327922298,0.554024655547498,-2.27674877807442,0.00154976911507784,0.174478533841062,0.00201174851683405,0.142878935408007,0.00644884819811949,0.118417307289566,0.0648519956438869,-0.423693521148472,0.373484382775497,-2.27561289983724,0.00216878625309182,0.094463863052316,0.00226134817209996,0.131620148971022,0.00647269572424782,NA,NA,NA,NA,-2.27061686089443,0.00541620956922686,0.168107606459781,0.00623030038601873,0.145892228488433,0.0200894372657396,0.219730300335975,0.173785572732138,-1.2201554577089,0.912827037851128,-2.27709379511832,0.0016525900080845,0.174135199180715,0.00709769437275426,0.146217875738481,0.00201014671349611,0.135941581428218,0.0679631043443779,-0.559242762225026,0.391783362967064,"Converged",NA
"seed1031-run2",2200,-2.2778541,0.1764544,0.1413503,0.1,0.3897812,0,0.5,0.518181818181818,0.111224199248071,0.547935619314206,-2.27720304041544,0.00151323044470957,0.176859754396712,0.00203156041495101,0.132113422437371,0.00668241327012226,-0.0136118528180959,0.0651563924185074,-0.017019555137576,0.379691562185347,-2.27812519885558,0.00210420091098587,0.0929575868838528,0.00222603213059815,0.131833066161076,0.00669407560052298,NA,NA,NA,NA,-2.2746130578301,0.00539970050217784,0.17051264434578,0.00626684419515727,0.124719127679661,0.02132385783829,0.245094481507567,0.173603168827056,-1.61251645321316,1.03759232148749,-2.27786658341048,0.00161804545814645,0.176407184579307,0.00718157090642809,0.132204225392496,0.00203534259565196,0.0107258404143951,0.0685191955800368,-0.00210641924809514,0.391876044753613,"Converged",NA
"seed1031-run3",2200,-2.2778541,0.1764544,0.1413503,0.1,0.3897812,0,0.5,0.559090909090909,0.111611952458555,0.5471562275018,-2.2777929096302,0.00151408500135679,0.175929473915662,0.00201500199412396,0.139603567644707,0.00617436131148628,0.0932302769633368,0.0638961519996058,-0.263366844296784,0.364632151845932,-2.27574637256482,0.00211860316162733,0.0930217824686139,0.00224422857210049,0.132406438754386,0.00618970635251871,NA,NA,NA,NA,-2.28600236956475,0.00535174511426469,0.188587133372746,0.00630218578560433,0.120774725410306,0.0197391062510044,0.21668999247642,0.167179527835644,0.191122517324566,0.899178431726756,-2.27761553079049,0.0016078943871927,0.175977339899101,0.00667955455057269,0.139828875437616,0.00202109849511349,0.0868942697823524,0.0671443486227367,-0.270001152969222,0.380364615688747,"Converged",NA
"seed1031-run4",2200,-2.2778541,0.1764544,0.1413503,0.1,0.3897812,0,0.5,0.531818181818182,0.11146759393238,0.516242937853107,-2.27668625996367,0.00151419757829475,0.174005091337772,0.0020269787196334,0.1441697226676,0.00636224441853306,0.0876931260903116,0.0652579734697302,-0.165011345174033,0.374585518083906,-2.27659823089801,0.00205467548472301,0.094355402363353,0.00218733857907304,0.140202259391233,0.00638798306348081,NA,NA,NA,NA,-2.26938068987546,0.00552998154080323,0.168651660996262,0.0062363197134362,0.104142421679624,0.0250027034068344,0.155634452017688,0.183795337363869,-0.251907454505549,1.1124234084613,-2.27662358267247,0.00160649500823827,0.173887552247415,0.00672272166167294,0.141030366296993,0.00202144898524123,0.0844942884087066,0.0683513041314715,-0.0301778712334096,0.385294793579594,"Converged",NA
"seed1031-run5",2200,-2.2778541,0.1764544,0.1413503,0.1,0.3897812,0,0.5,0.468181818181818,0.111779912621403,0.528097982708934,-2.27983363217176,0.00148675216275442,0.178738045218802,0.00200844635844431,0.147399768862526,0.00575394937844054,0.048857231785629,0.0643948211447327,0.438066566246584,0.323730627818532,-2.28402102709741,0.00204043973704779,0.101364036371753,0.00220848651324941,0.160621659121783,0.00575969694265773,NA,NA,NA,NA,-2.27679814606783,0.00492467992146283,0.16631827039081,0.00623144739168168,0.157637008706102,0.0206586473634957,-0.273084993020294,0.172456107642893,1.2893997269454,0.95018894313925,-2.27958967717978,0.00158322821306915,0.178760448576257,0.00633022139325989,0.148908446083133,0.00200879340810891,0.0418114114738388,0.0673555346431911,0.380081280647979,0.333323303982245,"Converged",NA
"seed1031-run6",2200,-2.2778541,0.1764544,0.1413503,0.1,0.3897812,0,0.5,0.477272727272727,0.111265794797346,0.541930937279774,-2.27885538063979,0.00152104749568766,0.177095756867641,0.00202647666845458,0.138333441787017,0.00664086970785724,-0.00800092574591201,0.0652764568264927,0.214341468206179,0.374233600546472,-2.27916662692865,0.00210745140240444,0.0925804464710338,0.00222124459989729,0.144130511447356,0.0066659705928313,NA,NA,NA,NA,-2.27448157949031,0.0051015370892227,0.180897846938841,0.0062066021587999,0.0899032889387018,0.023354666846015,-0.0610965435881398,0.170657347401066,-0.297899765840191,1.04299591000376,-2.27801120146622,0.00160476922134863,0.177051246398017,0.00714973839931692,0.135920337190136,0.00203882537608989,-0.0341100464037018,0.0687224366526341,0.297189093349706,0.387288278492257,"Converged",NA
"seed1031-run7",2200,-2.2778541,0.1764544,0.1413503,0.1,0.3897812,0,0.5,0.486363636363636,0.111303339129107,0.527387640449438,-2.27747655007293,0.00148512994509759,0.177276685769693,0.00202776818373961,0.128974264944041,0.00599361411547188,-0.0177997234523958,0.0646743918902967,0.457415687700848,0.358433099653368,-2.2792112559758,0.00205637666365829,0.0944549285223282,0.00219936925767448,0.140311409441002,0.00601467018740733,NA,NA,NA,NA,-2.27706413922792,0.00505661970459685,0.173708515785274,0.00620800004398757,0.131831585252466,0.0205977764223172,-0.0661562028388893,0.168039910187114,0.106808145577603,0.922745355061423,-2.27667793729413,0.0015664886153318,0.177402426083005,0.00658384577792683,0.126932426145521,0.00204756345222781,-0.0455541504191569,0.0675669213643216,0.532883190234317,0.374103394848242,"Converged",NA
"seed1031-run8",2200,-2.2778541,0.1764544,0.1413503,0.1,0.3897812,0,0.5,0.504545454545455,0.111351413674821,0.537642045454545,-2.27975222564306,0.00151969929652887,0.178163685309728,0.00202269595783494,0.146504717835271,0.00664565988918253,0.0448135619803275,0.0649016890652399,0.00371335805443587,0.389667630061332,-2.28075263280782,0.00210965046614245,0.0963393217531352,0.00222497887149183,0.147107824255005,0.00667580446973625,NA,NA,NA,NA,-2.27956107055636,0.00521900730105607,0.17816651531147,0.00622334773309187,0.131731776457145,0.0205857184230066,0.073501786863698,0.169932002021708,-0.505629743061339,0.948722760895458,-2.27968318457966,0.00162015374896756,0.178156034974615,0.00734310281902977,0.145480754400477,0.00202477867222671,0.0422463593584839,0.068207940285732,0.0436084735574804,0.412122128534797,"Converged",NA
"seed1031-run9",2200,-2.2778541,0.1764544,0.1413503,0.1,0.3897812,0,0.5,0.527272727272727,0.111536218119902,0.525459688826025,-2.27726401109318,0.00149105133684795,0.174096002642504,0.00202091572042468,0.146667909929835,0.00610076915625203,0.0103449984390913,0.0647818535130298,0.398338928853178,0.34551125324271,-2.27762061130944,0.00203900425930509,0.0918985378983233,0.00219145949882452,0.157745930051137,0.00611541539587503,NA,NA,NA,NA,-2.27514071138745,0.00524506169757063,0.172008678396013,0.00622981831004199,0.197451251112096,0.0255333990580945,0.0180484461236241,0.174449234201387,0.957020574935411,1.16674509436786,-2.27761320936792,0.0016197572817294,0.174214200666348,0.00706509466787819,0.15225561342453,0.00202433559913465,0.0223603853035355,0.0679659746469388,0.188383365759971,0.36296793388275,"Converged",NA
"seed1031-run10",2200,-2.2778541,0.1764544,0.1413503,0.1,0.3897812,0,0.5,0.55,0.111709468699804,0.522206303724928,-2.27509749316231,0.00149503067646802,0.173663718225626,0.00201312039633819,0.136985964944342,0.00625679781261085,0.010234640949396,0.064976403594837,0.829152525872393,0.381525118542665,-2.27562321178764,0.00206881579654766,0.0925459466810749,0.00220261020366399,0.155479277536008,0.00627612309751083,NA,NA,NA,NA,-2.28226397688093,0.00520415299394589,0.17838768339862,0.00635329233030486,0.156338745431789,0.0212364434929224,-0.0584987692469762,0.176291542552945,2.43307501677515,1.10675679925128,-2.27512063340481,0.00160396573832165,0.173330284047717,0.00685066975601248,0.136182129870754,0.00200611686669497,0.0139904206085725,0.0684120553986759,0.872746609522994,0.398403944940393,"Converged",NA
"seed1031-run1",2200,-2.2778541,0.1764544,0.1413503,0.1,0.3897812,0.405465108108164,0.6,0.581818181818182,0.113152679289011,0.501216545012166,-2.27606177261884,0.00161958850149021,0.174414851203647,0.00197287185974253,0.137484691765441,0.00643616665173469,0.499217379512159,0.0664977285536858,-0.466353648494066,0.378018475811681,-2.27472762449272,0.00216654163197812,0.110123841162742,0.002256594828023,0.125495931499872,0.00644912768556355,NA,NA,NA,NA,-2.27583458769303,0.00566667587021937,0.174285050610318,0.0063360174289727,0.14104928611351,0.0198662366600628,0.424589534139404,0.17548624481519,-0.773711038195063,0.894759043975723,-2.27615489640041,0.00174537751737977,0.174321913372766,0.00705720058462081,0.140191608441258,0.00194829920923556,0.505762443720497,0.0703236713740879,-0.581823803519295,0.394564159387,"Converged",NA
"seed1031-run2",2200,-2.2778541,0.1764544,0.1413503,0.1,0.3897812,0.405465108108164,0.6,0.613636363636364,0.112603898948555,0.49452269170579,-2.27699911279455,0.00157429276876262,0.176324987408491,0.00197649934156216,0.13225208487785,0.00662920793187755,0.367372305919579,0.0663184937331577,0.0956547718719413,0.387621656104841,-2.27861833709654,0.00210211249462432,0.110042624969833,0.00222083203543257,0.135384544276675,0.0066547247972178,NA,NA,NA,NA,-2.27206102168824,0.00572285050042246,0.166972217116293,0.00643799062606003,0.127030862993123,0.0204519082729412,0.521498144682871,0.173378012741496,-0.539180211044755,0.947423274766001,-2.27799745004748,0.00170499859756391,0.175994278815781,0.00710614249884936,0.133671646697963,0.00195561627997096,0.40367338838417,0.0702075749581602,0.0603383804191201,0.400934955929862,"Converged",NA
"seed1031-run3",2200,-2.2778541,0.1764544,0.1413503,0.1,0.3897812,0.405465108108164,0.6,0.631818181818182,0.113037976280517,0.489862124898621,-2.27749798449027,0.00158095890838405,0.175393806245996,0.00196988224878766,0.139575780521821,0.00613150249465734,0.470527867116996,0.0656056940319914,0.00089837139658581,0.374325234781813,-2.27682223209394,0.00211675760391262,0.110683298023324,0.002239065140244,0.139325867920008,0.00614886277146097,NA,NA,NA,NA,-2.28010074776986,0.00574013434781103,0.178395141878702,0.00652550583235765,0.12132202934987,0.0196279346023513,0.500616576005028,0.172151295816972,0.365421157195513,0.942096197137126,-2.27761205186347,0.00169027923600386,0.175283978995152,0.0066545363813211,0.140592731888801,0.00195208966756005,0.476286440975896,0.0691538247626029,-0.0400444731720325,0.390045410088696,"Converged",NA
"seed1031-run4",2200,-2.2778541,0.1764544,0.1413503,0.1,0.3897812,0.405465108108164,0.6,0.618181818181818,0.112965508313429,0.453312051077414,-2.27759521455362,0.00158320938387459,0.176328699333317,0.00197223120893574,0.144609028734298,0.00632459049067882,0.499541656560788,0.0673466349160221,0.108799365236836,0.388623052601498,-2.27756996533002,0.00205245815864549,0.113430119264772,0.00218132379787051,0.146829265302173,0.00634486431261842,NA,NA,NA,NA,-2.27224581546952,0.00595496877967758,0.173974399347454,0.00645046456160897,0.105352411143211,0.0247675079319693,0.504888954713923,0.188854879973492,-0.205535283754597,1.13862089702949,-2.27740063621351,0.00168572924343435,0.176282537445255,0.006725640100392,0.142527054127036,0.00194926292962157,0.491965295171039,0.0706483195017929,0.202406198703593,0.403927497001418,"Converged",NA
"seed1031-run5",2200,-2.2778541,0.1764544,0.1413503,0.1,0.3897812,0.405465108108164,0.6,0.581818181818182,0.112984937624524,0.476418864908074,-2.27951987520085,0.00154254375119215,0.177137903297243,0.00196868268970337,0.146270942816797,0.00572611855616531,0.389285191337246,0.0661327828522607,0.629797813684768,0.342202764359369,-2.28252707151618,0.00203733356070404,0.113703726187586,0.00220273172322197,0.162926021799468,0.00572809968731683,NA,NA,NA,NA,-2.27673395630806,0.00539091552473894,0.169316431238623,0.0063674535628451,0.16029167793517,0.0204300878722621,0.164413224520409,0.174243397092794,1.51616470254453,1.02089318073821,-2.27963121838989,0.00165145881486149,0.177269331882426,0.00624297298768457,0.147856812799532,0.00194762936720618,0.392356030380889,0.0693273365041364,0.560593461411069,0.350746577581384,"Converged",NA
"seed1031-run6",2200,-2.2778541,0.1764544,0.1413503,0.1,0.3897812,0.405465108108164,0.6,0.6,0.112675333308261,0.48535233570863,-2.27843614004835,0.00158923030775951,0.175856919709349,0.00197411414646392,0.138272422955623,0.00661179875149148,0.400726697356631,0.0667163603092158,0.216101060802394,0.384998524335146,-2.27898824867961,0.00210500079016685,0.10982137013046,0.00221579704024994,0.143574507154285,0.00662995323068966,NA,NA,NA,NA,-2.27095924042742,0.00575928749556578,0.174321273877002,0.00640792597063078,0.0858380376023069,0.02330048372022,0.521613837440587,0.175222459893381,-1.14126071447527,1.05361644272649,-2.2778471940563,0.00169110155778176,0.175601228419871,0.00706332856556386,0.13753903149195,0.00195325011698807,0.385539564804644,0.0706197470269371,0.238627402489112,0.396943530292016,"Converged",NA
"seed1031-run7",2200,-2.2778541,0.1764544,0.1413503,0.1,0.3897812,0.405465108108164,0.6,0.572727272727273,0.112732733948938,0.468823993685872,-2.27756645388561,0.00155757161765389,0.17799570726171,0.00197395287333881,0.126368064354616,0.0059715059395628,0.414906083143129,0.06625950332217,0.333250946933484,0.370741686335022,-2.27841076054092,0.00205435225588514,0.11230279016319,0.00219375373111652,0.134087007110258,0.00599223817139182,NA,NA,NA,NA,-2.27823233330408,0.00541105460374468,0.175001512230089,0.00632061080024291,0.136805933312959,0.0204835218943543,0.244896913600336,0.170093578325078,0.446388890893218,0.952193619209528,-2.27684473331272,0.00164474126931884,0.177960445800215,0.00652577109069699,0.124128828183125,0.00195838481051509,0.390335622025093,0.0693081066619585,0.423672921505207,0.388957071990221,"Converged",NA
"seed1031-run8",2200,-2.2778541,0.1764544,0.1413503,0.1,0.3897812,0.405465108108164,0.6,0.604545454545454,0.112831357953943,0.47710843373494,-2.27876888421721,0.00158696514767874,0.175917688299539,0.00197155833936225,0.145461414386727,0.00659008363798766,0.445981172777128,0.0668130343795365,0.28016642342361,0.406648638630665,-2.28180642387587,0.0021074691522295,0.114991919201327,0.00221942598159727,0.153605821246994,0.00663102537370619,NA,NA,NA,NA,-2.27801744747678,0.00580383341045428,0.174071555644825,0.00641977106471988,0.127880495886827,0.0266798085744021,0.393490378349559,0.184442158650147,0.309652316873079,1.23087216682513,-2.27899282769984,0.00171829431382694,0.175618485408109,0.0075544609217466,0.14304814601323,0.00195019598881884,0.456208415152524,0.0709610417628503,0.395370236217013,0.438962809863013,"Converged",NA
"seed1031-run9",2200,-2.2778541,0.1764544,0.1413503,0.1,0.3897812,0.405465108108164,0.6,0.622727272727273,0.112987968025952,0.456642800318218,-2.27827847848104,0.00157446204679404,0.178791286526106,0.00197041364948689,0.139554194901978,0.00612139796933092,0.427808260045214,0.0684001983509718,0.628593349207921,0.402396552505265,-2.2797826701915,0.00206059241337171,0.114687321928387,0.00218407095601793,0.152977455248797,0.00615747409817947,NA,NA,NA,NA,-2.26479775537539,0.00583076280133865,0.173486837314324,0.00645813160865438,0.0848227520174294,0.0230983367242291,0.439577104903294,0.185812785911664,0.546698710087633,1.10604480392721,-2.27785641693913,0.00166937750503957,0.178552817976287,0.00651191928307726,0.140112162628617,0.00194617392678533,0.419091087486858,0.0711473154917938,0.59056677833496,0.414280667922124,"Converged",NA
"seed1031-run10",2200,-2.2778541,0.1764544,0.1413503,0.1,0.3897812,0.405465108108164,0.6,0.686363636363636,0.113071809506512,0.471246006389776,-2.27813936503225,0.00154818955835655,0.178922639254486,0.0019676523858402,0.146430871906247,0.00618025939755926,0.385771249528069,0.0659495935700247,0.82121075856208,0.379489888268725,-2.28040705300165,0.0020493722467547,0.113751357233866,0.00219802458344934,0.167300209243947,0.00619458891969913,NA,NA,NA,NA,-2.27978037958534,0.00603412226039018,0.182326039481842,0.00684578860609994,0.163639182520817,0.0188337054349615,0.601806726747357,0.1824647382254,1.77978677385813,1.16979663240426,-2.27880029393775,0.0016530983585112,0.178650504540976,0.00671757129507136,0.148987928061973,0.0019485569881956,0.412521477822106,0.0692091635314533,0.723200289436371,0.392858646985273,"Converged",NA
"seed1031-run1",2200,-2.2778541,0.1764544,0.1413503,0.1,0.3897812,0.847297860387203,0.7,0.718181818181818,0.114700111438613,0.425233644859813,-2.27784161310715,0.00170709638390946,0.177312048151408,0.00197030221618748,0.143820471169928,0.00638468342048817,0.929392460001886,0.0716167995102777,-0.178782152379041,0.40762405618357,-2.27738038710014,0.0021648708957606,0.12964313611758,0.00225167104643667,0.139483348815001,0.00639789304634683,NA,NA,NA,NA,-2.27959589391555,0.00667707173346683,0.173437284695996,0.00704494097852714,0.142863855964438,0.0209769787815492,1.03040044352948,0.192407350606507,-0.814485459068016,1.0056621411611,-2.27799448166086,0.00184237471981089,0.177165787487441,0.00701545091846529,0.143987375996036,0.00194474478352873,0.938196561445325,0.0757903115029238,-0.183886015196066,0.427962481185736,"Converged",NA
"seed1031-run2",2200,-2.2778541,0.1764544,0.1413503,0.1,0.3897812,0.847297860387203,0.7,0.731818181818182,0.114190329603862,0.426244343891403,-2.27843992861134,0.00165418155397735,0.177668261759325,0.00196276664010651,0.13760939819189,0.00653632720770566,0.795623248204604,0.0704499166135498,0.44375595241978,0.412066387029325,-2.27982348925053,0.0021029887426529,0.127731330493971,0.00222459924082277,0.147654024083736,0.00654747460462811,NA,NA,NA,NA,-2.27171962507855,0.00672449140908808,0.168078754626775,0.0071453133290796,0.138868364016675,0.0277819947943547,0.917879589293817,0.203595623636523,0.914511964201681,1.47602322656362,-2.27818041467505,0.0017718116877267,0.177284589139763,0.007099270772043,0.135283617010444,0.00193919717011461,0.792025052587125,0.0745239712251884,0.556232429791632,0.435827227810155,"Converged",NA
"seed1031-run3",2200,-2.2778541,0.1764544,0.1413503,0.1,0.3897812,0.847297860387203,0.7,0.704545454545455,0.114458179496607,0.418367346938776,-2.27801515547447,0.00164940513176536,0.174505029925242,0.00196490582829733,0.147826128864189,0.00601744785495729,0.837557930490035,0.0709542022869041,0.693056371941114,0.423548933276088,-2.27946281129955,0.00210406337141438,0.127379531845973,0.00223246574646129,0.16129621770824,0.0060377974900701,NA,NA,NA,NA,-2.27918763371301,0.00633076833341293,0.177002757174764,0.00692758386388243,0.139141302972311,0.0163700554267149,0.916321795631553,0.176737613758196,-0.395549153668142,0.794812983825183,-2.27802460224678,0.00175976845809461,0.174603179824369,0.00641865648520102,0.150758294201006,0.00193126636330084,0.840601401416412,0.0748092100416405,0.519051844668516,0.430735783631836,"Converged",NA
"seed1031-run4",2200,-2.2778541,0.1764544,0.1413503,0.1,0.3897812,0.847297860387203,0.7,0.681818181818182,0.114219279396632,0.387589928057554,-2.27634042643742,0.00165191316556587,0.174483397049176,0.00196334194150626,0.139718634952575,0.00628719064357519,0.982578217032664,0.0727581053222512,-0.491015396771275,0.386148548785147,-2.27623657100903,0.00201800055540754,0.129563565285617,0.00217252989399121,0.128820923885069,0.00628508065306406,NA,NA,NA,NA,-2.28111994292167,0.00623013062284281,0.175569523860453,0.00677109925840618,0.162631341258359,0.0213695832937484,0.744022154163686,0.18571274517058,0.163104952179672,1.05290316079573,-2.27741419646019,0.00177200414401628,0.174833115792606,0.00684849832145608,0.142179598641904,0.00192597189000127,1.01945458063109,0.0779749210593987,-0.597856159294807,0.401484293895447,"Converged",NA
"seed1031-run5",2200,-2.2778541,0.1764544,0.1413503,0.1,0.3897812,0.847297860387203,0.7,0.672727272727273,0.114169763194794,0.40017825311943,-2.27817777858771,0.00163135192927447,0.175812857717828,0.0019613403387205,0.142951168566852,0.00580289121886536,0.833335720395288,0.071022039382926,0.36715597941093,0.381256978747272,-2.28256774453879,0.00204017207571552,0.131909393134758,0.00218510597654286,0.151213974999717,0.00580696740885481,NA,NA,NA,NA,-2.28055305216212,0.00624258350423831,0.176303367352967,0.00671081833192276,0.161286572254038,0.0195373771154172,0.793239690291173,0.184864511158359,-0.584000111943813,0.918306347278307,-2.27877417808928,0.00175798407848353,0.176065837694882,0.00650695656715803,0.14374904353081,0.00192806941512219,0.852977846961711,0.0760304777228258,0.323501574235432,0.4054137955419,"Converged",NA
"seed1031-run6",2200,-2.2778541,0.1764544,0.1413503,0.1,0.3897812,0.847297860387203,0.7,0.731818181818182,0.114135343742324,0.407608695652174,-2.27880565952168,0.00166897315226326,0.176765496063634,0.00196402525133614,0.138290483437071,0.00659035399631563,0.882065616774402,0.0719220371609687,0.0723118438124618,0.403633110398113,-2.280919519739,0.00207919683447952,0.131051223588883,0.00220380967338397,0.140240534792539,0.00659133198027754,NA,NA,NA,NA,-2.28150266224463,0.0067044363700814,0.180967740388322,0.00715566063701564,0.154882871273883,0.0208135447912052,0.951427801708321,0.19682833678376,0.452549048517069,1.0973424700357,-2.2792800274082,0.00181594279386652,0.176415176471768,0.00762871800258937,0.141927667058298,0.001931375845935,0.909027887876061,0.0773310972610351,-0.0846509927458994,0.421180367550973,"Converged",NA
"seed1031-run7",2200,-2.2778541,0.1764544,0.1413503,0.1,0.3897812,0.847297860387203,0.7,0.731818181818182,0.114213607716091,0.399819494584838,-2.28066825668804,0.00163271246540435,0.17989114929549,0.00196245954146523,0.143879034004743,0.00589540852640233,0.890270142716407,0.0698747821870163,0.103547821140357,0.36068898721809,-2.28092458081155,0.00202972908402348,0.131270487588184,0.00218975496222894,0.145869695242031,0.00589364789074833,NA,NA,NA,NA,-2.28886967848922,0.00656160250292241,0.185318157101514,0.00718381889401848,0.154613848691124,0.0170385034093277,0.958690610294858,0.184168290826938,0.408596973588447,0.961583686062119,-2.28121091759962,0.00174438758640192,0.179965751718834,0.00671047929620715,0.144618909768833,0.00193065912848063,0.90961370923548,0.0738498066458895,0.0780812157382502,0.376266611918502,"Converged",NA
"seed1031-run8",2200,-2.2778541,0.1764544,0.1413503,0.1,0.3897812,0.847297860387203,0.7,0.718181818181818,0.11419003764295,0.404936014625229,-2.27633022183064,0.00167149907733214,0.172922931623611,0.00196723273913672,0.137535730392221,0.00655939116730832,0.890602306409203,0.071844835794384,0.237073324612808,0.439469286683801,-2.27639014564361,0.00210115869299042,0.125776383948827,0.00221175450878392,0.142490057115673,0.00659257548134339,NA,NA,NA,NA,-2.27262877538847,0.00651837062775224,0.165495539689552,0.00706764626699377,0.130715271541266,0.0276082287829551,0.753560381502073,0.200728563032944,1.98867901946074,1.54291631113047,-2.27611143149579,0.00179064628637293,0.173115552139028,0.0070128729097603,0.138429215233979,0.00193656110675513,0.879050796916253,0.0756871193350887,0.181424081998044,0.45206282159273,"Converged",NA
"seed1031-run9",2200,-2.2778541,0.1764544,0.1413503,0.1,0.3897812,0.847297860387203,0.7,0.740909090909091,0.114416113792712,0.39,-2.27812068368043,0.00164376920970155,0.177073521257378,0.00196138895573488,0.144006422625762,0.00603645446329381,0.875346950661707,0.0722459472614117,0.592944997384092,0.408464088644239,-2.28148851853082,0.00204463381787789,0.132920888604174,0.00218418655138539,0.157289509587647,0.00605757979242714,NA,NA,NA,NA,-2.27885166827805,0.00666815645598871,0.178728997874148,0.007236889683232,0.162397514809453,0.0177379466970045,1.01549021848723,0.188726896766476,0.311752044380896,0.984717174813085,-2.27866955142097,0.00175576331965556,0.177142803643321,0.00661890095830147,0.149610642705445,0.00193570579375724,0.898371045461042,0.0756876793856551,0.321279924787372,0.414427218405193,"Converged",NA
"seed1031-run10",2200,-2.2778541,0.1764544,0.1413503,0.1,0.3897812,0.847297860387203,0.7,0.686363636363636,0.114410874670954,0.395095367847411,-2.27500358912721,0.00165054029864428,0.175297950815104,0.00196386952895678,0.132853092708339,0.00618441379195862,0.916362325118109,0.0711309559382979,0.0970928721642047,0.401403500319025,-2.27632974225934,0.0020551743337473,0.130086239748556,0.00219145451862783,0.135626558488875,0.00620748167755134,NA,NA,NA,NA,-2.28318060667845,0.00625716898100611,0.179420658062839,0.00681307719082232,0.179710043974018,0.0229397482962836,0.768705625800827,0.184743645117622,0.144253724228704,1.14260978944897,-2.27441356818483,0.00174465100945817,0.174936044212227,0.00660606617553453,0.127919364304332,0.001935721569427,0.896663132965066,0.0754615425638197,0.352171439455567,0.427099680287215,"Converged",NA
"seed1031-run1",2200,-2.2778541,0.1764544,0.1413503,0.1,0.3897812,1.38629436111989,0.8,0.795454545454545,0.116037490359761,0.333694474539545,-2.27790944011772,0.00180847437360075,0.177231994937757,0.00200705111116292,0.143769134308017,0.00633835608927212,1.41937457470362,0.0818121771732189,0.0255302140660456,0.472095970675432,-2.27813141968057,0.00216289649756954,0.145376468539179,0.00224718476544479,0.144374880946946,0.00636219451535114,NA,NA,NA,NA,-2.28103255339899,0.00761902278587649,0.175450436509524,0.00790693325717902,0.14355013671724,0.0206423566148663,1.42318564416061,0.214168519663722,-0.558452231927502,1.11656030603659,-2.2776059290119,0.00193555782582828,0.176806943338796,0.00687375893486779,0.143729950523084,0.00198205812021918,1.41857489063135,0.0872904154512155,0.0162472729906053,0.496969072094674,"Converged",NA
"seed1031-run2",2200,-2.2778541,0.1764544,0.1413503,0.1,0.3897812,1.38629436111989,0.8,0.809090909090909,0.115728790191453,0.323372465314835,-2.27943531689418,0.0017658693711789,0.179139922095471,0.00199837510087146,0.137857071608299,0.00649728373104432,1.34734005873665,0.0817513031440106,0.759254478419092,0.50182624658082,-2.28010866985082,0.00210074854029804,0.145927557508098,0.00221929104402354,0.149748591307516,0.00650567732260825,NA,NA,NA,NA,-2.27877443694297,0.00793409025273108,0.177596679501314,0.00811425983437831,0.137174155731501,0.0276807520079588,1.48932301797878,0.231971934222825,-0.460657846769997,1.56453789273115,-2.27897291224935,0.00188832604406888,0.178764743608749,0.00689116837135555,0.13567983207092,0.00197281397264438,1.33304989854581,0.086757577145529,0.913035405248596,0.531736779561232,"Converged",NA
"seed1031-run3",2200,-2.2778541,0.1764544,0.1413503,0.1,0.3897812,1.38629436111989,0.8,0.809090909090909,0.115818979507952,0.32508073196986,-2.27764086546001,0.00175411838303732,0.174134853304364,0.00200048898938912,0.147730328960207,0.00598809585166226,1.33732395393297,0.081621027695099,0.960852807011596,0.513629268379173,-2.27942808588687,0.00210232415404572,0.143305628403156,0.00222781332219599,0.161057457177863,0.00600949063043934,NA,NA,NA,NA,-2.27511420727786,0.00755707822059279,0.171910141977715,0.00813219563867285,0.13975729752194,0.016042258711153,1.30606440159749,0.208512840244219,1.31463956019183,1.25162456926606,-2.27785254955852,0.0018746799214246,0.174195731075618,0.00635310027107834,0.150050473776137,0.00196122929258358,1.35208909294432,0.0871336966491738,0.763992030012598,0.523783775873435,"Converged",NA
"seed1031-run4",2200,-2.2778541,0.1764544,0.1413503,0.1,0.3897812,1.38629436111989,0.8,0.777272727272727,0.115538406436719,0.297938144329897,-2.27616744394844,0.00173989124866868,0.174670203824467,0.0019870936769685,0.139752330502788,0.00624812537834947,1.48922461735727,0.0835167248205039,-0.35426791598057,0.441638539421704,-2.27639589069017,0.00201589619454989,0.144969057047465,0.00216730455043636,0.133778312490662,0.00624702521758205,NA,NA,NA,NA,-2.2802984410656,0.00738798512941292,0.174291892835595,0.00764244609520368,0.156240782125089,0.0213502552537428,1.34733946089042,0.208873613659558,-0.83996695048027,1.09301397665942,-2.27720615913022,0.00185686873896339,0.175124554522364,0.00677835260395333,0.140640283291515,0.00194873277534944,1.53138622783726,0.0906131112522466,-0.404103353579297,0.466316176791641,"Converged",NA
"seed1031-run5",2200,-2.2778541,0.1764544,0.1413503,0.1,0.3897812,1.38629436111989,0.8,0.786363636363636,0.115473685285071,0.312563840653728,-2.28068840993813,0.0017283566334109,0.179384755533881,0.0019855291863601,0.145979218745902,0.00577067347345428,1.35267522390793,0.0808000930537539,0.269374958985117,0.433936446307305,-2.28267830868234,0.00203855478087634,0.147859211265909,0.00218042703876909,0.150781290811588,0.00577928235149615,NA,NA,NA,NA,-2.29177006324899,0.00745258104316756,0.194001296156532,0.00778509896347981,0.159620346207014,0.0189142046879155,1.31592566432251,0.209125134408441,-0.104014836069633,1.0447055933694,-2.28100566927233,0.00185079559173949,0.1795951615463,0.00612873247591544,0.144833977469898,0.00195086643656325,1.36096693193951,0.0869901322540387,0.34878253396211,0.459123943699025,"Converged",NA
"seed1031-run6",2200,-2.2778541,0.1764544,0.1413503,0.1,0.3897812,1.38629436111989,0.8,0.845454545454545,0.115508232742761,0.321129707112971,-2.27679314361645,0.0017659125892341,0.173627751853222,0.00199237027754629,0.138987844100099,0.00654097150150889,1.38054105929445,0.0817792151301155,0.168554815422104,0.466070642985758,-2.27581226281218,0.00208239346605475,0.139933203593009,0.0022013934876518,0.140829429046886,0.00653552174849648,NA,NA,NA,NA,-2.27151873563919,0.0084715027356037,0.164510569481945,0.00885920954260742,0.137587398620919,0.0223603544014467,1.51156173166724,0.241666624405744,1.8361150882816,1.65378496376779,-2.27656777255108,0.00189950098014684,0.173578957155752,0.00719266546209551,0.13844307499361,0.00195341440160988,1.37056119745752,0.0881309132549647,0.192556398798097,0.497392571038707,"Converged",NA
"seed1031-run7",2200,-2.2778541,0.1764544,0.1413503,0.1,0.3897812,1.38629436111989,0.8,0.868181818181818,0.115751374579773,0.299681190223167,-2.27894439556967,0.00172723183884293,0.176357445877163,0.00199518156432495,0.145765162405389,0.00583153494365553,1.37952408002242,0.0831584491488178,1.06779544844872,0.496329268434017,-2.28122361084905,0.00203014355677558,0.146913826302427,0.00218817022323026,0.161079957546832,0.00583452160127943,NA,NA,NA,NA,-2.27738339056988,0.0090128541293571,0.178502969887385,0.00952736870600378,0.133149750580686,0.0170074603974169,1.57055051870494,0.250361462584509,3.35957594213909,2.01279110872598,-2.2789235658324,0.00184311020098895,0.176355684695185,0.00660275341520881,0.147925061317005,0.00195443789651138,1.38391703098651,0.0885837179367834,0.87468549038383,0.511167545290271,"Converged",NA
"seed1031-run8",2200,-2.2778541,0.1764544,0.1413503,0.1,0.3897812,1.38629436111989,0.8,0.795454545454545,0.115332980250902,0.322745901639344,-2.28010274729103,0.00172454450535511,0.179287895846454,0.0019856315010011,0.142951834249103,0.00648624262349467,1.25474765355048,0.0807121956551421,0.997177527073627,0.513822276624658,-2.28321174757084,0.00205561411533303,0.14681468318918,0.00219230715742168,0.159366029157147,0.00649318556124083,NA,NA,NA,NA,-2.27637220802138,0.00752931168742612,0.17742826833558,0.00788868227081095,0.141531530499654,0.0230023874296871,1.33833266482191,0.213425988737998,0.194165243307188,1.31427217293533,-2.28063873755487,0.0018457210316764,0.179330231421339,0.00711087895029947,0.143487011858461,0.00195567910689762,1.2783173612693,0.0858851171760615,0.984575022763426,0.545474849436085,"Converged",NA
"seed1031-run9",2200,-2.2778541,0.1764544,0.1413503,0.1,0.3897812,1.38629436111989,0.8,0.790909090909091,0.115767774917702,0.298208640674394,-2.27831528922019,0.00173968425013106,0.177212323533618,0.00199197794036507,0.142150948762828,0.00603037331212994,1.42404538965291,0.0838737967435727,0.546554927355765,0.471851730067898,-2.28136538807966,0.00203313367091406,0.1495047133668,0.00218237637379862,0.150776398837348,0.00602532345058799,NA,NA,NA,NA,-2.27062173410348,0.00728027668819223,0.170612669538631,0.00784664428269824,0.146049307857183,0.0203235881966419,1.04294016429494,0.218545315470173,2.67256986419629,1.50045124843043,-2.27832373605727,0.00184345069243331,0.17701576314259,0.00644998334999797,0.14173690549783,0.00196134376982988,1.42963398290723,0.0896754173728855,0.586283528559296,0.49937142096463,"Converged",NA
"seed1031-run10",2200,-2.2778541,0.1764544,0.1413503,0.1,0.3897812,1.38629436111989,0.8,0.822727272727273,0.115781947511493,0.30663856691254,-2.27710522278055,0.00175598636979974,0.177657913753924,0.00199564117891229,0.137501081542488,0.00616302841123659,1.34369605631101,0.0822767205024531,1.16315099536634,0.543780031561163,-2.27964003251049,0.00208632395991103,0.147450568142965,0.00220191340975665,0.153132082493902,0.00619263107908037,NA,NA,NA,NA,-2.2784363778905,0.00813451755221071,0.183849908435196,0.00838185472435916,0.119405492498561,0.0256866236368977,1.56808247564167,0.228922942572016,-0.345011324391352,1.4934596932937,-2.2764811053936,0.00187251158342798,0.177382283900359,0.0065087355281305,0.135683946390559,0.00196671173905005,1.31793418631239,0.0867464679139346,1.3008051859709,0.572879533587536,"Converged",NA
"seed1031-run1",2200,-2.2778541,0.1764544,0.1413503,0.1,0.3897812,2.19722457733622,0.9,0.895454545454546,0.117394484596826,0.202334630350195,-2.27643139833196,0.00195727691318994,0.175353418481364,0.00209095764851283,0.139876625304242,0.0063301672266801,2.26011344800672,0.109018507234382,-0.401782979286143,0.597343700985609,-2.27435375544526,0.0021584066662214,0.157311626262004,0.00224085875194123,0.135605002290117,0.00634057572789141,NA,NA,NA,NA,-2.28836645547595,0.0104660207286289,0.179827631880799,0.0105114536040748,0.185617888484055,0.0200577905975839,2.34550841366204,0.28713353387442,-1.53750489909233,1.27926121296874,-2.27608044371586,0.00206628084601151,0.174986648286563,0.00667217363152658,0.140871018268314,0.00206097456419453,2.25436446693703,0.116613155396452,-0.523044896798399,0.611777301332445,"Converged",NA
"seed1031-run2",2200,-2.2778541,0.1764544,0.1413503,0.1,0.3897812,2.19722457733622,0.9,0.904545454545455,0.117058795676028,0.198482932996207,-2.27912575026272,0.00190420404898646,0.178338532467894,0.00207246640713286,0.138414797154742,0.00648050111684937,2.16759707785865,0.107465964288733,0.247844596036976,0.629086256543481,-2.27884652946879,0.00209874879475613,0.161098992560624,0.00221483388191461,0.140471535778545,0.00648342165424108,NA,NA,NA,NA,-2.26627431100187,0.0108403959321206,0.16376466074973,0.0108723468623625,0.137487799832081,0.0274828391309188,2.36269694758457,0.314115364811334,-1.11811609783897,1.99528444480555,-2.2788282139492,0.00200753476968605,0.178002816902425,0.00675748676785807,0.13770513139636,0.00204983459208502,2.16035072363908,0.115494425176025,0.324651064154443,0.663034390094678,"Converged",NA
"seed1031-run3",2200,-2.2778541,0.1764544,0.1413503,0.1,0.3897812,2.19722457733622,0.9,0.918181818181818,0.117176748058836,0.196153846153846,-2.27755656851912,0.00190232947154246,0.174276071127406,0.00207973360111092,0.147625034468857,0.00598471617778135,2.19576165161006,0.108001626971347,0.300413712249199,0.633733609632878,-2.27784757455288,0.00210044790158518,0.158579370475705,0.00222324544919483,0.150173515905936,0.00599655342064198,NA,NA,NA,NA,-2.2818087417755,0.0114116892382628,0.179833759601924,0.0117805039724605,0.138723179491393,0.015970263835595,2.21418779850033,0.30419705330863,2.1356177632797,2.24614742180993,-2.27794854883041,0.00201122304669578,0.174352241745341,0.00630571442746157,0.150403759069725,0.00204027772490429,2.2353745697318,0.117516209948303,-0.0482540169966337,0.635397890655363,"Converged",NA
"seed1031-run4",2200,-2.2778541,0.1764544,0.1413503,0.1,0.3897812,2.19722457733622,0.9,0.881818181818182,0.116788570820818,0.185406698564593,-2.27667173518853,0.00184774972525086,0.175134562971331,0.00204280598459006,0.143951358155966,0.00621308936431021,2.21648330692066,0.10833513738447,-0.359335802093113,0.566026881474657,-2.27604110277628,0.00201333858885844,0.158354301031753,0.00216200547239183,0.140107710688738,0.00620930789782278,NA,NA,NA,NA,-2.2676614762185,0.010081418629651,0.162112810033228,0.00996231035665923,0.148643940645605,0.0215074830386237,2.36650275557439,0.279962126955721,-2.68541720597069,1.19485721310788,-2.27694853089229,0.00193556149041456,0.175492685979281,0.00654585698100694,0.145161244744779,0.00200907823379999,2.21846467926375,0.115706401379065,-0.456912304381186,0.584880211014568,"Converged",NA
"seed1031-run5",2200,-2.2778541,0.1764544,0.1413503,0.1,0.3897812,2.19722457733622,0.9,0.886363636363636,0.116899043064109,0.182260024301337,-2.28138758841068,0.00186578103052217,0.180104306558982,0.00205388051267176,0.146271702455963,0.00575318464604826,2.22900791033642,0.108790507561577,-0.101110692987843,0.558134771768138,-2.28186352240172,0.0020365690468722,0.164610265658084,0.00217532563505287,0.145272397685173,0.00575549815582125,NA,NA,NA,NA,-2.28802235664634,0.0101310209904324,0.187594717111946,0.0101483785139771,0.16228735002101,0.0188894087286367,2.27103548538519,0.277234316993565,-1.57211707622503,1.14600855359088,-2.28144051857682,0.00196395517683945,0.180202170276629,0.00604437733298445,0.146466609502157,0.00201856836917762,2.23019896383631,0.117561278495278,-0.138468880534715,0.585375638390928,"Converged",NA
"seed1031-run6",2200,-2.2778541,0.1764544,0.1413503,0.1,0.3897812,2.19722457733622,0.9,0.922727272727273,0.116975586490741,0.185696361355082,-2.27760449114935,0.00190421413855759,0.174216256100262,0.00206793143947972,0.145116888489279,0.00649289267160067,2.24001024754083,0.11094281549463,0.0821882440320149,0.628706144131305,-2.27626743027606,0.00208013094243229,0.15697414750892,0.0021962307725034,0.145443544386284,0.00649345856941731,NA,NA,NA,NA,-2.28109414243356,0.011802514478794,0.175915432493912,0.0121877266137154,0.145001122590806,0.0223250599344368,2.05018294710564,0.322734671544984,5.11327563312198,3.15367087689814,-2.27701217956832,0.00200494525785423,0.173973020041474,0.00689275801895933,0.143280417093838,0.00202811312869343,2.19897250396114,0.119814343233409,0.269750177789114,0.678200639496321,"Converged",NA
"seed1031-run7",2200,-2.2778541,0.1764544,0.1413503,0.1,0.3897812,2.19722457733622,0.9,0.936363636363636,0.117278278379468,0.148578811369509,-2.27956716595953,0.00188785392315854,0.177388919208861,0.00208137371616516,0.145556389134819,0.00581413015690699,2.46540003571324,0.121879467694319,0.465109986908327,0.682840358913608,-2.27979851313916,0.00202841596339811,0.164985039132843,0.00218305113666557,0.148804801696742,0.00581610778374899,NA,NA,NA,NA,-2.27473315105736,0.0129358133159279,0.175551511381332,0.0133564888565214,0.1334490706318,0.0169557304962662,2.0698084788915,0.350580067644582,9.18560051273115,5.04224602865965,-2.27918127810554,0.0019704037942304,0.177180039533504,0.00639611754937616,0.146784555958638,0.00204162719799092,2.4429096398325,0.129554949914231,0.250279270877981,0.694143159085109,"Converged",NA
"seed1031-run8",2200,-2.2778541,0.1764544,0.1413503,0.1,0.3897812,2.19722457733622,0.9,0.890909090909091,0.116622167841554,0.208383233532934,-2.28047892271932,0.0018393962770954,0.179622011483515,0.00204466335776877,0.142937546638781,0.0064544770995572,1.88207444119484,0.102941925198666,1.84478694309268,0.744369271162565,-2.28317769459713,0.00205385022020137,0.162010153519924,0.00218779779115738,0.159108101486104,0.00646145106389624,NA,NA,NA,NA,-2.27984944018303,0.0100263273691932,0.181272693347298,0.0103104466325119,0.141160895739255,0.0228382805210262,1.99538596932954,0.274069332541306,1.0886477589406,1.87271323414703,-2.28101287187331,0.00194277376318838,0.179779333672622,0.00681430796722962,0.143971631370699,0.00201841628745239,1.91539249213733,0.110768089261744,1.75483522259443,0.791745514951516,"Converged",NA
"seed1031-run9",2200,-2.2778541,0.1764544,0.1413503,0.1,0.3897812,2.19722457733622,0.9,0.9,0.117114251244774,0.170610211706102,-2.27960559214794,0.00186797862280639,0.179184828046725,0.00206194655887915,0.142266527731369,0.00600502333339269,2.23759424918951,0.114148351195957,0.761023570281458,0.67467158137256,-2.28099042320454,0.00203135599440814,0.165357893947315,0.00217766517566449,0.148026767856019,0.00599683707791146,NA,NA,NA,NA,-2.26872735575625,0.0103484460642606,0.169162522836731,0.0106844300837765,0.14592957096834,0.0201363322150466,1.9461055787605,0.29325737881966,2.37750560990802,2.0608155077374,-2.27972444986901,0.00194794536738991,0.179136818219225,0.00630759511291613,0.14286512988038,0.00202977564403933,2.25329628223955,0.123674523126262,0.687176311990576,0.703914336643039,"Converged",NA
"seed1031-run10",2200,-2.2778541,0.1764544,0.1413503,0.1,0.3897812,2.19722457733622,0.9,0.904545454545455,0.117092342446534,0.181592039800995,-2.27709435189878,0.00189694689593816,0.17720427883224,0.00206815229706415,0.138489714044801,0.00615428128622849,2.18915427741099,0.10965936672459,0.684664000009545,0.69894210593068,-2.27750337662852,0.00208358014500896,0.161408588863662,0.00219671750894922,0.143858464369403,0.00617511323031916,NA,NA,NA,NA,-2.27809734582594,0.0109712379018969,0.18226433153434,0.0109862691322883,0.12067774892592,0.0254201057126678,2.46371329383444,0.303187633162081,-2.03838511036143,1.66708209461895,-2.27684695171138,0.00199321617121167,0.177045799808359,0.00640603949165583,0.136454406724281,0.00204360231214271,2.16708756264328,0.117860944603876,1.01644144717676,0.774985080518019,"Converged",NA
"seed1031-run1",390,-2.2778541,0.1764544,0.1413503,0.1,0.3897812,0,0.5,0.538461538461538,0.111011230240789,0.523076923076923,-2.27170688511486,0.00356440101219955,0.164955748519545,0.00487904064907157,0.12797106352169,0.015806592202375,-0.0448804413460747,0.160474734086737,-0.00205905739777593,0.887772229457366,-2.27103112557866,0.00477076713857269,0.0830298132285799,0.00514321421623156,0.127501652921978,0.0158062339640275,NA,NA,NA,NA,-2.28723913629501,0.0136008716683235,0.171421901289782,0.0150644798494048,0.128248232533339,0.047364287242938,0.345618980821433,0.425436568868731,-1.445949908944,2.10655515489527,-2.26903189812831,0.00377184267705002,0.166441640860885,0.0180074006749759,0.113031301673297,0.00487810760491277,-0.158900189451184,0.170352755851934,0.558601821423939,0.943429554908601,"Converged",NA
"seed1031-run2",390,-2.2778541,0.1764544,0.1413503,0.1,0.3897812,0,0.5,0.461538461538462,0.111209068670868,0.5,-2.27772280355712,0.0036840570551168,0.180793840968759,0.00483705848147679,0.137827611283898,0.0182200548908025,0.0397768036900847,0.162983305988229,0.0568014409888898,1.00047239483669,-2.280838364157,0.00483637178026227,0.1005436696827,0.00511309052696803,0.140196873071455,0.0182319812132331,NA,NA,NA,NA,-2.26709610079293,0.0120711596472079,0.177947464298903,0.0147195010930195,0.0675941672708263,0.0607528278428068,-0.231725259239143,0.420334199503458,0.750607376393788,2.6238813462976,-2.27856616150197,0.00413667039796873,0.180792899060638,0.0207268419379568,0.137268272945471,0.00465457158506246,0.0658910090387248,0.170928161104383,0.0797510775000449,1.03799847226631,"Converged",NA
"seed1031-run3",390,-2.2778541,0.1764544,0.1413503,0.1,0.3897812,0,0.5,0.512820512820513,0.111722681971155,0.510460251046025,-2.28107730542866,0.00357173527248434,0.177043625974942,0.00474513276554466,0.14943307939781,0.0152662694183167,0.13356654056194,0.158339871640137,0.736891464101492,0.944464509424745,-2.28334894176743,0.00484313354215458,0.102258703418555,0.00524113452679121,0.16615189778438,0.0152344410683032,NA,NA,NA,NA,-2.27896663103607,0.0120515327506669,0.174671921779867,0.0148040476764521,0.162574260228618,0.0379189014290539,-0.116820012590449,0.4117695506068,1.16189820769246,1.81493675196588,-2.28170598330832,0.00386954331360169,0.177096653306839,0.0159393273935645,0.152993983257704,0.00456827313119283,0.156594343478593,0.168078283616787,0.580863905621547,0.956130960225302,"Converged",NA
"seed1031-run4",390,-2.2778541,0.1764544,0.1413503,0.1,0.3897812,0,0.5,0.461538461538462,0.111792393268107,0.552301255230126,-2.2835666364378,0.00358808193738465,0.178656876551283,0.00474332620147212,0.154880622215737,0.0133396322081793,0.137136629528854,0.148924448580209,-0.0229050342633832,0.769486182009091,-2.28605390131206,0.00506155804930817,0.102954846105198,0.00539983657812504,0.152824866120379,0.0132880968118772,NA,NA,NA,NA,-2.27393836618099,0.0119032483626687,0.142608957093088,0.0149076139342953,0.269779636960197,0.0588537053989406,-0.452462131508055,0.449788139347007,2.65387512976123,2.81703511041468,-2.28268863150403,0.00378640087455753,0.180231346173829,0.0142298531434408,0.155963604064918,0.00459798770095941,0.0932012934143741,0.158426854636139,-0.0766214647674262,0.790513413839115,"Converged",NA
"seed1031-run5",390,-2.2778541,0.1764544,0.1413503,0.1,0.3897812,0,0.5,0.615384615384615,0.112300848580922,0.528138528138528,-2.27507788219997,0.00363582391772365,0.170446455248944,0.00470669926474648,0.131539919390828,0.0147272586369494,0.23012818437934,0.151507399758146,0.321185426494591,0.854432418410687,-2.27196318495977,0.00502622211085828,0.0946014407492258,0.00534368953385429,0.138690808701369,0.01476805821285,NA,NA,NA,NA,-2.29088889935745,0.012852652928002,0.184787414146002,0.0156458343484077,0.121954550599529,0.0368466153113812,0.162030256091882,0.418981569239513,2.91468206587026,2.78975856289038,-2.2770047074625,0.00418349987321462,0.169260598336662,0.0163496487697939,0.136952894150073,0.0045107840914425,0.312658057246156,0.164615385153641,0.119483284491838,0.898431590586764,"Converged",NA
"seed1031-run6",390,-2.2778541,0.1764544,0.1413503,0.1,0.3897812,0,0.5,0.487179487179487,0.110730573550967,0.607692307692308,-2.2816233440022,0.0035770454085258,0.176335558535292,0.00487197851593836,0.154677166304126,0.0164298422220534,-0.33044636910921,0.158653684335492,1.20606593670833,0.936508115962449,-2.29125844565211,0.0053208632207556,0.090997486089419,0.00549984879306254,0.188024760231739,0.0164286671049426,NA,NA,NA,NA,-2.29431514186858,0.0129874290429247,0.174355630161618,0.0148244608310875,0.211876981419563,0.0508711273150198,-0.00589231852844358,0.440067873762286,-0.339944455839483,2.26109358912256,-2.28252432549547,0.00384227163203033,0.175618228728584,0.0176344310637106,0.156557428684763,0.0048565242196266,-0.295490123067301,0.167677067593826,1.15172010962858,0.96622306894359,"Converged",NA
"seed1031-run7",390,-2.2778541,0.1764544,0.1413503,0.1,0.3897812,0,0.5,0.512820512820513,0.111774009504081,0.531120331950207,-2.28006557248679,0.00372517855238732,0.174207919077444,0.00476925690855632,0.152488995208236,0.0154155938216949,0.280536329946661,0.153766866030774,-1.08676716760315,0.810312131868009,-2.27446510102168,0.00494115584352701,0.0959343277410916,0.0052860257097935,0.11529806462469,0.015328110845521,NA,NA,NA,NA,-2.29394839535857,0.0126377650637636,0.18959468549648,0.0153770464530658,0.161715843376844,0.0400848334786625,0.589659319242719,0.470644514268566,-7.35164205574784,5.26695684031967,-2.27855762785449,0.00396696203340955,0.174145932607843,0.0172952440417925,0.14821202723439,0.00470296239192787,0.239358416597877,0.167719320947876,-1.00432264846996,0.914078484781635,"Converged",NA
"seed1031-run8",390,-2.2778541,0.1764544,0.1413503,0.1,0.3897812,0,0.5,0.641025641025641,0.112151495295351,0.573913043478261,-2.28353988406322,0.00358003764171707,0.18430919519959,0.00471379640814769,0.127836556223941,0.0139531477711917,0.089672615559348,0.147433486278063,0.857344844161624,0.755517069218112,-2.28949860978558,0.00517634800519032,0.108417801283298,0.00555649633380749,0.157006826057355,0.0139146654116084,NA,NA,NA,NA,-2.28627796733389,0.0134039292313087,0.187483387471476,0.0158542589328109,0.102163776142884,0.0284828682127037,0.267578591785301,0.42891136470483,1.96556350041152,1.88441585236654,-2.28524600898225,0.00391584201155799,0.183132112001637,0.0148031581079744,0.131002671057589,0.00446916120787184,0.153831499826044,0.15564461050853,0.773906981961239,0.769010059849539,"Converged",NA
"seed1031-run9",390,-2.2778541,0.1764544,0.1413503,0.1,0.3897812,0,0.5,0.358974358974359,0.111602264982935,0.556451612903226,-2.27192348644603,0.00361598716525435,0.172050226299877,0.00479174204443366,0.104505229978279,0.0147053311958976,0.0994444650070297,0.152474460911856,-0.593805439323712,0.794282816938886,-2.27003488920905,0.00499100226237347,0.0913062251206751,0.00533053851406334,0.086930990072436,0.0146757188901284,NA,NA,NA,NA,-2.26139004483893,0.0118083772309312,0.173862431450379,0.0152999891678949,0.0999031483349628,0.0520518021754496,-0.30053904409327,0.437336419557805,-2.63320151113406,2.88697746839537,-2.27006725219519,0.00404832006335578,0.172700363753214,0.0163897146676089,0.0964972759939433,0.00475006640449912,0.0303872442951191,0.163094113036218,-0.31581613316982,0.814370915749529,"Converged",NA
"seed1031-run10",390,-2.2778541,0.1764544,0.1413503,0.1,0.3897812,0,0.5,0.384615384615385,0.111592040497982,0.511627906976744,-2.27372532840066,0.00338381354792513,0.172369328470468,0.0048483689527163,0.151043518123301,0.013013418509886,-0.159993370506346,0.151231509323425,1.43137333367637,0.801442724873878,-2.27493545954203,0.00469457017803548,0.084748428191702,0.00511999730231421,0.189374809592085,0.01310910750756,NA,NA,NA,NA,-2.28133121617592,0.0114307389319823,0.181191961628948,0.0150928760423636,0.0886377730112919,0.0501179235243632,-0.367086151418966,0.40521434138861,-1.00611047508925,2.37880681323343,-2.27366475444143,0.0038691951163666,0.172155290012181,0.0183514300525953,0.146076789531643,0.0049502327235147,-0.167346444224297,0.161475607316498,1.69446190230059,0.853113873035097,"Converged",NA
"seed1031-run1",390,-2.2778541,0.1764544,0.1413503,0.1,0.3897812,0.405465108108164,0.6,0.615384615384615,0.112194419319777,0.474576271186441,-2.27928893870214,0.0036608451247623,0.179494493672381,0.0047225837672593,0.139781465314145,0.0155916922453881,0.24754696240691,0.162700589019655,0.61406820380505,0.919078037384476,-2.28177475864533,0.00478174001383709,0.108342263648244,0.00514183321592629,0.157076681252096,0.0156663111507941,NA,NA,NA,NA,-2.27328764244804,0.0143045631895908,0.162941660451892,0.015356577521707,0.105445894576201,0.0687262488444648,0.363625606139053,0.474840893660145,0.98030981718748,3.19196941808005,-2.27985611553386,0.00397646526633588,0.179556986146495,0.019015749724532,0.14095994650223,0.0045285716874313,0.265737732871577,0.17142065936134,0.568294470594758,0.960332111263328,"Converged",NA
"seed1031-run2",390,-2.2778541,0.1764544,0.1413503,0.1,0.3897812,0.405465108108164,0.6,0.538461538461538,0.112375421828176,0.460526315789474,-2.27524489479261,0.00371354997042531,0.173740712580106,0.00470619471965751,0.1222587910543,0.0184274715053067,0.255924289835927,0.167764518563744,1.6885496358389,1.09094851701588,-2.27793953787959,0.00479378275178563,0.106031436688595,0.00514418851635601,0.16561506619009,0.018387434443858,NA,NA,NA,NA,-2.28631101717694,0.0129817705773305,0.183161367545317,0.0150179941702347,0.110074076696043,0.05683155154487,-0.0800944290420667,0.44705175820027,1.91057067875783,2.56747297931902,-2.27685059033138,0.00415486075329947,0.174408078102229,0.0197455260951084,0.125148426064709,0.00448788084487105,0.30006975218935,0.179276909766971,1.58433300052427,1.11191839774221,"Converged",NA
"seed1031-run3",390,-2.2778541,0.1764544,0.1413503,0.1,0.3897812,0.405465108108164,0.6,0.743589743589744,0.112961748673536,0.493023255813954,-2.27535211484135,0.00381151561305176,0.167307828904633,0.00468437763336161,0.138074012055628,0.0151546995469433,0.470824739174957,0.157286911552409,0.297226747369928,0.959699937703735,-2.27452652903301,0.00515468647493029,0.105618684533726,0.00537984174986569,0.142596960813681,0.0152334318688051,NA,NA,NA,NA,-2.2862051107285,0.0168752426893121,0.167050738160686,0.0173165732370452,0.195151376936031,0.064570279401093,1.17485421970741,0.493062413578408,-1.08631378908352,3.14649917192745,-2.27707052365781,0.00417813919433692,0.165685092408658,0.0173128226616252,0.139853687611773,0.00438626432331416,0.558805573243601,0.175731268467576,0.248543679507588,1.02196596496183,"Converged",NA
"seed1031-run4",390,-2.2778541,0.1764544,0.1413503,0.1,0.3897812,0.405465108108164,0.6,0.717948717948718,0.113368503552366,0.452380952380952,-2.27591906566112,0.00381833175129196,0.173241389492624,0.00466278520788643,0.121516725307958,0.014455723151554,0.562108264024476,0.164423748229358,0.694344767425881,0.962676733405783,-2.27790242486546,0.00497952308577806,0.117268205690833,0.00525980857999355,0.13484559409202,0.0144689299316889,NA,NA,NA,NA,-2.28132100257563,0.016242837239078,0.175420893055797,0.0166730003513952,0.201278823159327,0.0642008977375564,1.03149224863259,0.499228181970602,-0.895016361287638,3.15535922481004,-2.27564698296629,0.00424577477433249,0.172905728334833,0.0168106789690333,0.121707003515687,0.00436706377012957,0.560560022106532,0.177969869480671,0.665155595435182,1.05306426414283,"Converged",NA
"seed1031-run5",390,-2.2778541,0.1764544,0.1413503,0.1,0.3897812,0.405465108108164,0.6,0.641025641025641,0.112961875708798,0.502304147465438,-2.27730153547442,0.00379194516170411,0.1747105184774,0.00467095462711808,0.131583394622472,0.0159523931497102,0.432123341805027,0.158168220724246,0.273627216448313,0.925404393197624,-2.27928808369098,0.00509047855257599,0.112328409301376,0.00536214016877934,0.137851112015852,0.0159368298539796,NA,NA,NA,NA,-2.26776684254053,0.0140364719495351,0.166402574205473,0.0155024968562149,0.103278518113968,0.0401826900623077,0.6140783772227,0.418347874029136,-0.251921559194409,1.83984674874184,-2.27847738715853,0.00434781898459141,0.173751004510494,0.0173474666701377,0.139407805033593,0.00438836386029513,0.489763956846713,0.170076597353901,-0.0333720501435355,0.939040864815303,"Converged",NA
"seed1031-run6",390,-2.2778541,0.1764544,0.1413503,0.1,0.3897812,0.405465108108164,0.6,0.717948717948718,0.112818239315071,0.497757847533632,-2.2847546388367,0.0038162144409783,0.18565052124848,0.00468626135096195,0.155012209421638,0.015382416088102,0.429552454181191,0.16225741138927,-0.187218836979396,0.942502503444016,-2.28532383208552,0.00510082555660547,0.11666920975595,0.00531991329457066,0.152422174409747,0.0155079557638921,NA,NA,NA,NA,-2.27040903406209,0.015497665967651,0.175091636455476,0.0168094402990709,0.0926378473684504,0.0682664883881079,0.70581763506368,0.484099774392609,2.51765112034483,3.85444583489005,-2.28576809671507,0.00442305753116024,0.185331817765975,0.0179943599816521,0.153041704158387,0.00435575447550749,0.461519427439317,0.170049906343851,-0.0799213676556152,0.969911829563803,"Converged",NA
"seed1031-run7",390,-2.2778541,0.1764544,0.1413503,0.1,0.3897812,0.405465108108164,0.6,0.692307692307692,0.113526908631227,0.454106280193237,-2.28261024596271,0.00379360061231671,0.185265003436341,0.00466587492216394,0.132836051447819,0.0155730698272692,0.578248526890109,0.167952162656059,0.760411841339777,0.972364262439153,-2.28885224573754,0.00490087370271314,0.131620342233188,0.00529492132297973,0.152424965793776,0.0155969367884131,NA,NA,NA,NA,-2.2746334756596,0.0156098055622954,0.172335341292738,0.0164599507523259,0.0927641029842603,0.0612305851924894,1.0457995138455,0.441770188894239,-2.51685620302807,2.78011154696294,-2.28365068656961,0.00480967056929139,0.184813272861976,0.0244317956911694,0.134252247674308,0.0044245287439262,0.62033215599167,0.182590297416126,0.715173615302032,1.04598143398202,"Converged",NA
"seed1031-run8",390,-2.2778541,0.1764544,0.1413503,0.1,0.3897812,0.405465108108164,0.6,0.58974358974359,0.113070535791393,0.56221198156682,-2.28110681323691,0.00377370906119294,0.174792635571014,0.00468051854570013,0.161996291943999,0.0141194979776958,0.300036932612646,0.151399008139131,0.45326861162262,0.877132574218263,-2.28334333064007,0.00547506363747357,0.10748408674405,0.00564567461054086,0.172203723817002,0.0141994750580701,NA,NA,NA,NA,-2.26728187122862,0.0129523730031333,0.157779246665215,0.0151219994267545,0.124601937361341,0.0716587262220377,0.372558345141528,0.390690277908186,-0.145422434280476,3.2480507716814,-2.28162050165682,0.00418654788345833,0.17506380317982,0.0147760369600311,0.168241975352934,0.00442715921434984,0.320389913793266,0.160477861183859,0.156784803072396,0.886178987238324,"Converged",NA
"seed1031-run9",390,-2.2778541,0.1764544,0.1413503,0.1,0.3897812,0.405465108108164,0.6,0.58974358974359,0.112569886307291,0.488986784140969,-2.27890850875098,0.00376115636878171,0.175134467511892,0.00471886671698258,0.150545732551168,0.0146982213284307,0.409838694683783,0.154916439296162,-0.254487665634945,0.93116074586478,-2.28560113175039,0.00509458617273861,0.117149690881575,0.00531822231827255,0.150402369593449,0.0148768654801055,NA,NA,NA,NA,-2.28386078335484,0.0139806818608266,0.189467302292006,0.0153056086850603,0.134543812591014,0.056456997637886,0.60950898259158,0.417940512804722,-2.44890387295001,2.54279283023627,-2.27976559024725,0.00435554499613064,0.174875422306921,0.0162947571602889,0.151416306841747,0.00439103581463229,0.441466152924892,0.170318946355351,-0.271234448698143,0.953690568862164,"Converged",NA
"seed1031-run10",390,-2.2778541,0.1764544,0.1413503,0.1,0.3897812,0.405465108108164,0.6,0.512820512820513,0.113104799546456,0.469026548672566,-2.27169046947702,0.0036127667542713,0.169621238294054,0.00468105705844151,0.1374541175187,0.0130612915838971,0.392816618154555,0.153002194531069,0.373539812747302,0.768245198226007,-2.27358616739012,0.00475768634137085,0.107503654800099,0.00517053090131898,0.147365441169771,0.0131185298198585,NA,NA,NA,NA,-2.25727211365476,0.0118966932874792,0.163615968903694,0.0147549540335715,0.136689512845184,0.0423386443112965,-0.141892311799876,0.410213720336328,1.4980669816883,2.02111324524547,-2.27086849697564,0.004164097931632,0.169205435186039,0.0180496661348197,0.132115906941911,0.0045269034531652,0.367495154310194,0.17305796873364,0.601899896026892,0.892518090022959,"Converged",NA
"seed1031-run1",390,-2.2778541,0.1764544,0.1413503,0.1,0.3897812,0.847297860387203,0.7,0.692307692307692,0.113426000534515,0.415094339622642,-2.27938121996361,0.0038342908983534,0.179184390976087,0.00466188548708288,0.140194399614212,0.0155385367396017,0.699463553764287,0.170478872262437,0.0428046376299004,0.945281894102908,-2.27987933248351,0.00477661766791649,0.123674887635988,0.00513008713167343,0.142650823612893,0.0156233924762841,NA,NA,NA,NA,-2.26802420552293,0.0158040227227523,0.15780135566292,0.0162460570538642,0.100582837422411,0.0684841522231502,0.824193452432941,0.502469586004886,-0.120463141816994,3.29350362108665,-2.27966830871169,0.00429726544392163,0.179099237686309,0.0192572724422185,0.140364332709091,0.00435317786750226,0.711843623895638,0.182098306226406,0.0329042998574032,0.99559719052157,"Converged",NA
"seed1031-run2",390,-2.2778541,0.1764544,0.1413503,0.1,0.3897812,0.847297860387203,0.7,0.666666666666667,0.113458679116098,0.405797101449275,-2.27447670624437,0.00381561546675847,0.172342980995797,0.0046761877726182,0.123031104268138,0.0183751973084496,0.499199510579404,0.175913962070087,2.79104265585145,1.25511548717813,-2.27969239200464,0.00479051699503339,0.119588782893416,0.00513405671232937,0.181203599321969,0.0182729409030429,NA,NA,NA,NA,-2.28667528840728,0.0148162871260911,0.182294627162468,0.0160358947754031,0.111711996229263,0.0564439930584324,0.516523983268037,0.466444748619907,1.47005763105524,2.7527587345676,-2.2767625067276,0.00439716702906863,0.173152338747343,0.0199973076822729,0.126885951417366,0.00437325402239879,0.568666311368099,0.190700415600629,2.65534892915854,1.28963575657316,"Converged",NA
"seed1031-run3",390,-2.2778541,0.1764544,0.1413503,0.1,0.3897812,0.847297860387203,0.7,0.846153846153846,0.114502113975144,0.410810810810811,-2.27516193533426,0.00409857645647959,0.168496710940483,0.00471242223517506,0.137125499263811,0.0151766791752595,1.05350900348973,0.172153870631803,-0.580311930530981,0.999835165913338,-2.27176351980227,0.0051480850571805,0.123017594124438,0.00536641745854461,0.124692454634431,0.0152108546915152,NA,NA,NA,NA,-2.27996703426854,0.0208042670892556,0.160839195846816,0.0210771534381857,0.196504111598513,0.0633655206729718,1.76993197143516,0.595118076325963,-0.645497229833888,3.81607524043786,-2.27642227999265,0.00453284966944427,0.167440673184937,0.0172630450647217,0.136449322718118,0.00426985164654306,1.13196895963878,0.198530023412749,-0.536012217657986,1.07917540175089,"Converged",NA
"seed1031-run4",390,-2.2778541,0.1764544,0.1413503,0.1,0.3897812,0.847297860387203,0.7,0.743589743589744,0.114498974583008,0.388297872340426,-2.27369903774124,0.00395231174715444,0.169441054125501,0.00467024576891913,0.121763472407152,0.0143225642965037,0.823446105494624,0.178074535262552,1.85686246198285,1.17588065779319,-2.2802472892282,0.00497685491107464,0.13140815299857,0.00525038185375995,0.150170859497794,0.0143677522831546,NA,NA,NA,NA,-2.28195197399448,0.0169277396607769,0.176281148808904,0.0172250717842889,0.201381369508335,0.064215131446415,1.17894210814702,0.516244577677083,-1.04504719741882,3.23118987135132,-2.27283162489268,0.00446236810598435,0.169715380112369,0.0169734350646851,0.122418489983447,0.00426828382791298,0.792525873359715,0.196041723209531,1.68490753437916,1.31035482827407,"Converged",NA
"seed1031-run5",390,-2.2778541,0.1764544,0.1413503,0.1,0.3897812,0.847297860387203,0.7,0.743589743589744,0.11459826238472,0.416216216216216,-2.27509018502104,0.0040240259656687,0.170961998058413,0.00467849148257858,0.131305580427359,0.0158384597050579,0.931795167600936,0.172851459649939,0.439978975820197,1.03424624010323,-2.27964959988363,0.00508494035446246,0.131684053378091,0.00534895832807928,0.140534710237318,0.0158297280610008,NA,NA,NA,NA,-2.25267821423339,0.0163560754568445,0.148485149571571,0.0171031660052368,0.0986425765692045,0.0401649708627459,1.19530569238358,0.462424163316071,-0.922291229683879,1.89874459205546,-2.27638386227576,0.00469785687101406,0.170088838710837,0.0176934649900417,0.137973314867953,0.0042871633413367,1.00846809714287,0.192294541906707,0.115183953261732,1.05678304090094,"Converged",NA
"seed1031-run6",390,-2.2778541,0.1764544,0.1413503,0.1,0.3897812,0.847297860387203,0.7,0.743589743589744,0.114157724124583,0.431472081218274,-2.28459832994249,0.00399254621465381,0.184321566262662,0.00466589938709022,0.154420615435767,0.0152998194886129,0.808751030349037,0.172556355489154,0.100772970053556,1.01418439153316,-2.28620458334539,0.00509631551746074,0.132965507161336,0.00530862352473325,0.158279510412586,0.0154203258711587,NA,NA,NA,NA,-2.27356496357245,0.0162851311013698,0.179587075761963,0.0173423633569766,0.0905981095131448,0.0680229135789927,0.898552615826953,0.498075149109655,1.80457386526813,3.84874158122171,-2.28518317865521,0.00475090275334163,0.184428830221991,0.0176676919053829,0.151903309538011,0.00426783524137067,0.822721845268362,0.183304329473176,0.248483298446935,1.05903167293715,"Converged",NA
"seed1031-run7",390,-2.2778541,0.1764544,0.1413503,0.1,0.3897812,0.847297860387203,0.7,0.743589743589744,0.114966481020601,0.368715083798883,-2.28480873242115,0.00406498861814682,0.187781536215656,0.00470384667393696,0.134116825380046,0.0155268680490659,1.21857552546526,0.185188221687068,-0.467821862715029,0.977084518011649,-2.28557435085896,0.00489658776078455,0.148767006918209,0.00528320713279947,0.124387775155363,0.0156017852565338,NA,NA,NA,NA,-2.28139719604237,0.0173942501561277,0.180974831527492,0.0177248544420454,0.097517060830975,0.0619435365988628,1.43503076986757,0.479947304444132,-3.78048388596087,2.88276410485961,-2.28588917137624,0.00542896502741253,0.187658416690326,0.0260375102708187,0.133469629990443,0.0044423938932172,1.26716113506106,0.206618092510307,-0.447355368442438,1.08156449855345,"Converged",NA
"seed1031-run8",390,-2.2778541,0.1764544,0.1413503,0.1,0.3897812,0.847297860387203,0.7,0.692307692307692,0.11497074024628,0.472222222222222,-2.28103524386268,0.00411783554890217,0.175111521559378,0.00471842226896626,0.161554053815945,0.0141114566430989,0.9361616161952,0.165120108164266,-0.286827176951834,0.927991087770093,-2.28049696225892,0.00546725627336581,0.12801243763648,0.00563101121577791,0.155380200331628,0.0141685623383549,NA,NA,NA,NA,-2.2738410052201,0.0151047690090861,0.16997208184976,0.0163543239890069,0.121635904612774,0.0718314271478418,0.941164352427614,0.421705555513115,-1.87746953856921,3.30416264898918,-2.28212360478999,0.00469999127928954,0.175435867181005,0.0152747515627516,0.168973887680306,0.00437526386423869,0.979135627161797,0.180493292457297,-0.663987852854992,0.947533817349946,"Converged",NA
"seed1031-run9",390,-2.2778541,0.1764544,0.1413503,0.1,0.3897812,0.847297860387203,0.7,0.717948717948718,0.113700295939667,0.434146341463415,-2.27943988535516,0.00395466223985467,0.17630862636816,0.00470157178706515,0.150840354073088,0.0147242163269215,0.816070776052251,0.163126302880002,-0.822472854287567,0.952219696387975,-2.28372347408189,0.00508922013827507,0.130202807628841,0.00530754654711551,0.139061128554564,0.0148526619037643,NA,NA,NA,NA,-2.28728182567696,0.0161189679404584,0.191855143297483,0.0168537949550488,0.134799332993649,0.0551171471295478,1.14036559138978,0.460633012920495,-1.9590871206191,2.60780758708599,-2.2807038478595,0.00465046037278661,0.176321891992095,0.016352508801767,0.152410409828292,0.00429748637069027,0.862160611668322,0.18168103159587,-0.873391388715087,0.977564540825376,"Converged",NA
"seed1031-run10",390,-2.2778541,0.1764544,0.1413503,0.1,0.3897812,0.847297860387203,0.7,0.692307692307692,0.114907058387801,0.3717277486911,-2.27020868627228,0.00386590024523874,0.168096025696928,0.00465702886454829,0.136738301615627,0.0129954118376254,0.981215070782795,0.169595365962106,0.429192687977814,0.874468586759994,-2.27331630420328,0.00475213035265355,0.12944481635233,0.00515432129061433,0.145506391432628,0.0130289858826505,NA,NA,NA,NA,-2.25058569482561,0.014857062681925,0.157922213493773,0.016040999950027,0.131736801178802,0.0418718108802166,0.84997824582446,0.441359939242679,-0.294242621286142,2.03176237929797,-2.26933274636942,0.00467503686297995,0.16756552544108,0.020590730931246,0.130354412648598,0.00422062245374521,0.948830780232229,0.198947012955638,0.803592762548577,1.12649179025806,"Converged",NA
"seed1031-run1",390,-2.2778541,0.1764544,0.1413503,0.1,0.3897812,1.38629436111989,0.8,0.82051282051282,0.114927936272856,0.3224043715847,-2.27974180234004,0.00401950729224268,0.179460324668219,0.00468428739283893,0.140202311572272,0.0154341010994361,1.12318273973349,0.193500444974472,1.19719738188856,1.19890681494014,-2.28231130125596,0.00477241261264114,0.142425777793725,0.00511636079687167,0.161152261104623,0.0154878796893529,NA,NA,NA,NA,-2.27409119436458,0.0209435678546849,0.168518353891876,0.0200567756446113,0.0958215558934784,0.0691027830829407,2.01196608717069,0.656352032017744,-3.97732593143028,3.65980419764384,-2.28084370132296,0.00456918350290913,0.179541126501199,0.0180290560046398,0.14293240840572,0.00432104888154461,1.17504193618691,0.210780554156938,1.0392705768417,1.25283211029588,"Converged",NA
"seed1031-run2",390,-2.2778541,0.1764544,0.1413503,0.1,0.3897812,1.38629436111989,0.8,0.871794871794872,0.115262647841929,0.284883720930233,-2.27506113523934,0.00411757977876468,0.174197212168282,0.00472595626496222,0.122111135885156,0.0182118739088898,1.24630748788299,0.208071172390333,2.53774023741653,1.55221335951066,-2.27706901956474,0.00478290315829464,0.141656020704127,0.00511775546690952,0.157858473802302,0.0181845907948544,NA,NA,NA,NA,-2.30260626210965,0.0226486718557151,0.199160392643998,0.0231168763533903,0.112751131774015,0.0551329213057227,1.78074835783449,0.649352675090326,1.15930846739484,3.95686596977468,-2.27837235418807,0.00491128504374988,0.175904001145932,0.0199753593226402,0.126271991471009,0.00435688267393379,1.36487240451804,0.232958117941468,2.3850051295835,1.63157618471548,"Converged",NA
"seed1031-run3",390,-2.2778541,0.1764544,0.1413503,0.1,0.3897812,1.38629436111989,0.8,0.871794871794872,0.115692608922806,0.32716049382716,-2.27656718038115,0.00433309739080736,0.171573335211403,0.00480187426648634,0.137239071514172,0.0151013156891023,1.52562439562229,0.195651563791289,-0.62435164292842,1.1142717825834,-2.2719738179043,0.00514405488944069,0.136945741593599,0.00535677398153998,0.126058150000245,0.0151478412691109,NA,NA,NA,NA,-2.28293030689988,0.0230459660438695,0.1648818604746,0.0228964847438675,0.194391991329719,0.063548610121453,2.15981742502999,0.663846022723796,-2.22761573252917,3.80227592041275,-2.27676479465068,0.00492443609689539,0.170581689904892,0.0180610712023732,0.132197299703213,0.00431126038972106,1.56339545415646,0.226736971645162,-0.269243217131325,1.25688330485171,"Converged",NA
"seed1031-run4",390,-2.2778541,0.1764544,0.1413503,0.1,0.3897812,1.38629436111989,0.8,0.82051282051282,0.115811946411575,0.294478527607362,-2.27101513124621,0.00420100619533936,0.166169987944774,0.00475525297348117,0.122034859328842,0.0142940950229876,1.32163973384113,0.206639375484734,2.3218610965793,1.48531768263004,-2.27871970869917,0.00497049581686608,0.145701865820748,0.00523770561297937,0.145918287213159,0.0143168213761472,NA,NA,NA,NA,-2.28536579397602,0.0200645654712605,0.180237634226789,0.0198545678678969,0.202535275541369,0.0643872152393595,1.76444238307908,0.60384116168744,-2.13372847199051,3.53323883379883,-2.27035633467033,0.00483426034131901,0.166149889869596,0.0169828049449458,0.117690198154762,0.00421818148042766,1.26897031477198,0.238156294653123,2.85501714638736,1.94199173518417,"Converged",NA
"seed1031-run5",390,-2.2778541,0.1764544,0.1413503,0.1,0.3897812,1.38629436111989,0.8,0.82051282051282,0.116051957664559,0.312101910828025,-2.27645701748316,0.00426609526955845,0.173768824045243,0.0047914269975708,0.131612747657743,0.0156747208392703,1.37761607945313,0.204012898508058,1.82323052487443,1.43178041399164,-2.28165431777149,0.00508059682208885,0.148900438149536,0.00533769728662632,0.155387433743604,0.0157013840594205,NA,NA,NA,NA,-2.24804443587179,0.0181990151124288,0.143009374290529,0.0196164090847319,0.113826293356884,0.038671135817425,1.22752963403322,0.54581626302869,2.60421871453113,3.69336530933367,-2.27682490402839,0.00513324511594653,0.17297178569842,0.0174745860438877,0.133896956462395,0.00435624368979285,1.42722835175341,0.227772406991564,1.66618262770767,1.4903997597139,"Converged",NA
"seed1031-run6",390,-2.2778541,0.1764544,0.1413503,0.1,0.3897812,1.38629436111989,0.8,0.794871794871795,0.11550615560585,0.345029239766082,-2.28609160265583,0.00422915189630712,0.186105387106325,0.00473343988524881,0.15422500209401,0.0152455689827187,1.29565090534545,0.194513086724274,0.142248821322737,1.15110531396155,-2.28613889466008,0.00509142329203956,0.148843199164388,0.00529751126853436,0.157842941521614,0.0153504047419794,NA,NA,NA,NA,-2.2655605977805,0.018173904370531,0.172725887316878,0.0187246501654665,0.0805141888649647,0.0677639403069436,1.33545947154029,0.541856878193546,0.198317189037646,3.86184144391301,-2.2871485788608,0.00528096082170357,0.186687869836695,0.0173201874756355,0.152500998163436,0.0043875186787611,1.32149776260758,0.208662207618379,0.292926746269078,1.20919607919464,"Converged",NA
"seed1031-run7",390,-2.2778541,0.1764544,0.1413503,0.1,0.3897812,1.38629436111989,0.8,0.82051282051282,0.115737793242911,0.310975609756098,-2.28387549150822,0.0041836499239571,0.18562268541616,0.00476598906028303,0.133676248459751,0.0154854705612658,1.47930251329841,0.203864802553477,0.0799212334458154,1.12945233305143,-2.28682786556646,0.00489468571628998,0.157700343416485,0.00527706592397436,0.135131540059299,0.0155184275864699,NA,NA,NA,NA,-2.27638487749318,0.0187765113226894,0.174979255423343,0.0198222427337514,0.0942453375891203,0.058833065254755,1.43908206762158,0.518201649766036,0.963188723339159,3.85101265415011,-2.28530736423495,0.00532415734561177,0.185685435558309,0.0236687178073499,0.134220301318859,0.00446564849775659,1.55117424319117,0.232916413877681,0.0485053987603028,1.24037388534882,"Converged",NA
"seed1031-run8",390,-2.2778541,0.1764544,0.1413503,0.1,0.3897812,1.38629436111989,0.8,0.743589743589744,0.116456826415873,0.366666666666667,-2.28254849551902,0.00444741520607756,0.177133468686352,0.00487184248581874,0.159827586685616,0.014052242970545,1.48517786863086,0.191800260764101,-0.107876702139591,1.08559266804929,-2.28028086279217,0.00546141669224873,0.144041908812691,0.00561957329524963,0.156820546963356,0.0140967625485629,NA,NA,NA,NA,-2.26240788073017,0.0167776283624929,0.159412362995211,0.0174085282216773,0.107018079513642,0.0724409276821186,1.31530240985173,0.466071068909721,-3.21871011279147,3.39770183274121,-2.28249606348356,0.0051317245677904,0.176755235990434,0.0150485858576534,0.163350957694416,0.00443893674341192,1.50381169929908,0.212392556227427,-0.36961361627464,1.09803551240577,"Converged",NA
"seed1031-run9",390,-2.2778541,0.1764544,0.1413503,0.1,0.3897812,1.38629436111989,0.8,0.794871794871795,0.115096928681173,0.342696629213483,-2.28209638246592,0.00405461330299566,0.181109922418393,0.00470240420655822,0.147579237914131,0.0142012009393167,1.15674020152878,0.180123259279637,0.868242681044094,1.09064842538694,-2.28299549635086,0.00491944708364618,0.142297245705409,0.00522269249657136,0.162312836894012,0.0142762247003621,NA,NA,NA,NA,-2.2768614978844,0.0175389023464857,0.164714461492709,0.0187391703855865,0.17447945031031,0.0397814788324251,1.22770347685505,0.494178759453424,1.02496677643662,2.55458057388571,-2.28349660107047,0.00476899187102435,0.181647810828428,0.0158590877357525,0.140915220931364,0.00442442506554331,1.18711136678425,0.199072377142508,1.49821211318545,1.26728031831545,"Converged",NA
"seed1031-run10",390,-2.2778541,0.1764544,0.1413503,0.1,0.3897812,1.38629436111989,0.8,0.846153846153846,0.116015105998266,0.270588235294118,-2.27751958337711,0.00405129611246293,0.173774117319577,0.00471680209777034,0.172032744698441,0.0128759970989567,1.20584788369675,0.205381171351719,4.14174293453178,1.82232951959576,-2.28387529269391,0.00476071086508154,0.148972575426335,0.0051171928445725,0.205184905852208,0.0129093792556016,NA,NA,NA,NA,-2.25613970164179,0.0195698902794234,0.164997632359858,0.0216905669466408,0.124182073045766,0.0439533622552227,0.475912808704542,0.609488020837688,39.2675914282419,26.2177132459938,-2.2778470985933,0.00471011632815042,0.173629039524724,0.0141796766983391,0.175739671799522,0.00424572976146526,1.26151059313363,0.222098334983909,3.30178141529534,1.75038801492549,"Converged",NA
"seed1031-run1",390,-2.2778541,0.1764544,0.1413503,0.1,0.3897812,2.19722457733622,0.9,0.846153846153846,0.116507802938204,0.184210526315789,-2.27800121281761,0.00436671863544392,0.176927358051942,0.00482808044114516,0.136265402588035,0.0154013630989522,2.11847727594126,0.261221020165916,0.187471892023353,1.4790976893911,-2.27460300706702,0.00475653431990742,0.154681747365896,0.00509511057800297,0.138244681670047,0.0154428213781898,NA,NA,NA,NA,-2.32267542488822,0.0228538267640159,0.205686882622407,0.0217360849670504,0.21088355742191,0.0767436775911572,2.33775645153462,0.730091485389258,-5.45018121330153,4.33724834756617,-2.27846595844017,0.00497740676906416,0.176809274145168,0.0170214093204253,0.137514602741653,0.00444157495767501,2.16798365725612,0.298296888893407,0.0673935519721311,1.53563805562932,"Converged",NA
"seed1031-run2",390,-2.2778541,0.1764544,0.1413503,0.1,0.3897812,2.19722457733622,0.9,0.923076923076923,0.116699117509311,0.145833333333333,-2.27399244740366,0.00444112795281569,0.172863220485058,0.00488744691521994,0.121863602161769,0.0181337707934715,2.17474234295179,0.294945127447576,3.12816029648952,2.4301175107415,-2.27517745981634,0.00477702815479064,0.159034665336972,0.00510513695992432,0.14096995728285,0.0181115119062112,NA,NA,NA,NA,-2.28607952743448,0.0290830732939069,0.179909492503428,0.0289090766783078,0.11571058153427,0.055026628917777,2.65458400618155,0.869210085919311,-1.26897854045047,4.37937080995515,-2.27551918011908,0.00533707083767799,0.174249959854616,0.020002389063091,0.125826896198939,0.00455281611646897,2.2547062861139,0.331649477412937,2.36300501972933,2.36480482678692,"Converged",NA
"seed1031-run3",390,-2.2778541,0.1764544,0.1413503,0.1,0.3897812,2.19722457733622,0.9,0.948717948717949,0.11713483776848,0.186567164179104,-2.27811863325506,0.00476356289364387,0.174319523509253,0.00504362125509352,0.137770729239707,0.0151511298249094,2.62739926310855,0.278054674162894,-2.45785724282651,1.26477212661477,-2.2696480715175,0.00513815157800467,0.152824897152687,0.00534491583058861,0.110927447938653,0.0151225764378597,NA,NA,NA,NA,-2.24080978641071,0.0335960321759714,0.120507551252725,0.0343861658952817,0.203880974478116,0.0624301293027905,2.43684128875721,0.954313648457883,6.83080638318357,11.925773102805,-2.27763876781523,0.00539384215846617,0.173860380033388,0.018018019342525,0.130671884766889,0.00457645186716156,2.61788883856538,0.322546522857784,-1.90570190701204,1.44575797762471,"Converged",NA
"seed1031-run4",390,-2.2778541,0.1764544,0.1413503,0.1,0.3897812,2.19722457733622,0.9,0.871794871794872,0.117007594066913,0.178571428571429,-2.27342402888478,0.00450869204293196,0.170735491380752,0.00491904139153887,0.122199968781682,0.0142600639478129,2.06281407191633,0.271396647435866,2.47693385728568,2.06087599825307,-2.27725869760473,0.00496612465307821,0.15924972675687,0.00522772001644468,0.136365937884596,0.0142901299134213,NA,NA,NA,NA,-2.28217118496907,0.0222901784353978,0.176737630703444,0.0228169611081243,0.19984335612577,0.0636977151739128,1.75043663539303,0.648525669034686,1.68331655649331,4.75055456720834,-2.27283180383413,0.00519710314787467,0.170507251736845,0.015783832130053,0.124116795971892,0.00438001924364027,2.055361328558,0.302508377988115,1.77898217995161,2.04270916713924,"Converged",NA
"seed1031-run5",390,-2.2778541,0.1764544,0.1413503,0.1,0.3897812,2.19722457733622,0.9,0.923076923076923,0.117387424849373,0.175572519083969,-2.27637603497641,0.00463796548436668,0.17393303701208,0.00500650821461646,0.131575391413033,0.015628460624272,2.30424513263852,0.281070044816272,1.15232338057088,1.88512355593786,-2.27964306517909,0.00507560590590854,0.163805410751438,0.00532746175171082,0.140486216002873,0.015664051699754,NA,NA,NA,NA,-2.2518089929075,0.0276110284015545,0.151657259414474,0.0281089243144555,0.10631665128813,0.038340247102761,2.48181905302832,0.752781821280647,0.0229368650236454,3.37590358431037,-2.27758679344518,0.00563684458382651,0.173716722175414,0.0174284373197181,0.134786279433947,0.0045887698519065,2.45908359326295,0.337838500622278,0.746955879086813,1.9619581381943,"Converged",NA
"seed1031-run6",390,-2.2778541,0.1764544,0.1413503,0.1,0.3897812,2.19722457733622,0.9,0.82051282051282,0.11710372837895,0.2,-2.28702626030567,0.00458975674772609,0.186396165133097,0.00493404537268215,0.154185700542806,0.0152017282227362,2.08054410023651,0.265997256785524,1.02599931102959,1.76006630109435,-2.28681531579564,0.00508609172433302,0.167505962869876,0.00528485818520524,0.162336250142039,0.015255538074259,NA,NA,NA,NA,-2.27726110177363,0.019246127765658,0.186925012423541,0.0198615085533769,0.0796437113718986,0.0677295596144837,1.43076906286213,0.566801290335141,0.951145687145265,4.23841204937367,-2.28630788024927,0.00572370789129924,0.185842623545397,0.0166584232135418,0.154065268131498,0.00466973097578584,2.05805018572074,0.284742122931641,0.975730605215392,1.77403412188761,"Converged",NA
"seed1031-run7",390,-2.2778541,0.1764544,0.1413503,0.1,0.3897812,2.19722457733622,0.9,0.948717948717949,0.117174136934753,0.169117647058824,-2.28471980458242,0.00454636427640449,0.185782002167116,0.00497024520733705,0.134527465333087,0.0154455161531606,2.56593451253931,0.284894381869609,-1.26889964565033,1.29728550835583,-2.28516415664162,0.00489073864523857,0.174274887609456,0.00526594164780364,0.120866125544586,0.0154788890838278,NA,NA,NA,NA,-2.28747582709078,0.0350781368568867,0.186624460759399,0.0349915986666051,0.0967337640897095,0.0588475551879764,3.22801385900531,0.95083825114607,-2.82400878768347,4.50402102256014,-2.28674515776228,0.00566626234631178,0.186641061308759,0.0232783052723662,0.13540230638356,0.00464223990215623,2.73485256545501,0.347972358352302,-1.45798390029989,1.44415099905025,"Converged",NA
"seed1031-run8",390,-2.2778541,0.1764544,0.1413503,0.1,0.3897812,2.19722457733622,0.9,0.846153846153846,0.118259883502555,0.173913043478261,-2.28196657251924,0.00497994235683383,0.176382902138314,0.00523877770181144,0.159136420821639,0.013971763669509,2.49689777039627,0.292918756147464,1.23911700878547,1.95387310877484,-2.28159149494376,0.00545629733569223,0.164127868421987,0.00560750188373596,0.164574543617532,0.0139932764381151,NA,NA,NA,NA,-2.25570286158873,0.0196694912722009,0.151218973128508,0.0214256552444179,0.135259030705673,0.070992358805622,1.09108424069386,0.565267415304656,14.6644271528626,12.5877000387871,-2.28041408723089,0.00583695630159423,0.175715170991409,0.015222307021682,0.158430307737903,0.00481893336857793,2.39551211458406,0.316700162934283,1.1032906188999,1.92363872884862,"Converged",NA
"seed1031-run9",390,-2.2778541,0.1764544,0.1413503,0.1,0.3897812,2.19722457733622,0.9,0.871794871794872,0.116725911794517,0.198630136986301,-2.27943429838424,0.0044539432674586,0.176526761899015,0.00488575266716913,0.147023445538226,0.0142038649970307,2.15743559535114,0.243968199608288,-0.251057318317673,1.29214440111086,-2.28043934019863,0.00491307963936251,0.160891800784036,0.00520878431052906,0.145216159160453,0.0142352508203201,NA,NA,NA,NA,-2.26537270484309,0.02190200141145,0.152901640983239,0.0225290035718788,0.172967727360787,0.0396643707892101,1.91573480923861,0.602414289053499,0.00895420953360898,2.75638878351457,-2.28039116327724,0.00518102570212495,0.177761536888501,0.0154867331122311,0.136648717888921,0.00456552688237828,2.1392697459568,0.283989261812847,1.18440124996765,1.75374526051818,"Converged",NA
"seed1031-run10",390,-2.2778541,0.1764544,0.1413503,0.1,0.3897812,2.19722457733622,0.9,0.871794871794872,0.117139190221269,0.162162162162162,-2.27701593769123,0.0043423616761787,0.173275439640132,0.00484882435065319,0.171607853505964,0.0128789668723088,1.97611444177762,0.268052835053056,3.96881669691889,2.46653720141559,-2.28132763996461,0.00475607371756251,0.161888430086819,0.00510689185026057,0.189142919012551,0.0129014950353981,NA,NA,NA,NA,-2.25385389433296,0.0214212409172374,0.162692822252363,0.0232694737421043,0.124168860679567,0.0435816748896416,0.834336742340934,0.634062026030017,31.7531983351075,24.2268780912774,-2.27751576046584,0.00504157835882954,0.173136882511603,0.0139300625941036,0.174528724690529,0.00439296615911601,2.06899737086561,0.298375174764058,2.95490206378284,2.39181318237493,"Converged",NA
