"sim","N","beta0","beta1","beta2","q","eta0","eta1","ppv","queried_ppv","avg_prev","fpr","beta0_gs","se_beta0_gs","beta1_gs","se_beta1_gs","beta2_gs","se_beta2_gs","eta0_gs","se_eta0_gs","eta1_gs","se_eta1_gs","beta0_n","se_beta0_n","beta1_n","se_beta1_n","beta2_n","se_beta2_n","beta0_cc","se_beta0_cc","beta1_cc","se_beta1_cc","beta2_cc","se_beta2_cc","eta0_cc","se_eta0_cc","eta1_cc","se_eta1_cc","beta0_mle","se_beta0_mle","beta1_mle","se_beta2_mle","beta2_mle","se_beta1_mle","eta0_mle","se_eta0_mle","eta1_mle","se_eta1_mle","mle_msg","sim_msg"
"11422-1",2200,-2.2778541,0.1764544,0.1413503,0.1,2.19722457733622,0.3897812,0.9,0.919753086419753,0.117152260021827,0.184405940594059,-2.27818196110768,0.00186792873272016,0.178299107879882,0.00205855212946275,0.142174094621981,0.00608972546793054,2.22927000072011,0.109729076450398,0.0449755987450512,0.580326793291512,-2.2791741487509,0.00204078940583571,0.163571718895669,0.0021846397279446,0.143092197558722,0.00609780867184361,-2.28346785931445,0.00623362748357361,0.186027705885636,0.00674529704149511,0.148818240424089,0.0197242367309181,2.41964583924169,0.377994935208263,0.156457657726984,1.99073098994123,-2.27857685083109,0.00196708053336501,0.178254778281756,0.00648336916393848,0.143741421874987,0.00202725280096037,2.26931372065199,0.120636313039333,-0.110445455815405,0.607691457276573,"Converged",""
"11422-2",2200,-2.2778541,0.1764544,0.1413503,0.1,2.19722457733622,0.3897812,0.9,0.901840490797546,0.116999916885676,0.188679245283019,-2.27740869293998,0.00189293153605754,0.175184631132104,0.00206842780503288,0.14074298863768,0.00652674511019076,2.13414423906313,0.109751583274209,1.0022117491593,0.710122089059294,-2.27820730954034,0.00208220826067694,0.159338067596564,0.0022020192743137,0.149076454539489,0.00653360444862561,-2.27064731346797,0.00603154186273426,0.16427327069619,0.00668323992091846,0.151193405613799,0.0228492781316706,2.29505888213714,0.350039295153712,-0.652364359974278,1.87057972571605,-2.27763743183492,0.00200763856324487,0.175016601734488,0.00677904354096176,0.14221678852263,0.00204691481574061,2.16893409849086,0.119410803057598,0.816936541255409,0.73411882585017,"Converged",""
"11422-3",2200,-2.2778541,0.1764544,0.1413503,0.1,2.19722457733622,0.3897812,0.9,0.941935483870968,0.117020902831694,0.185093167701863,-2.27845183594959,0.00190075857977626,0.177104111250472,0.00206553958618154,0.150684752126036,0.00658856485883385,2.23582191385798,0.110391097267672,0.0084085963967135,0.658361482929477,-2.27852324902584,0.00207936841701994,0.161444236652293,0.00219355714983526,0.150651245875728,0.00659177665146769,-2.2760673637966,0.0063152763916046,0.174516777967114,0.0066746747427501,0.133265969051361,0.0245355265984029,2.40163270302377,0.450461925503481,4.76802595728571,4.53247503311422,-2.2786899105868,0.00201001431768046,0.177312162206026,0.00703467778218111,0.150413478513235,0.00203797218360442,2.24339061890897,0.121046093613666,0.0559191048273018,0.719388458076518,"Converged",""
"11422-4",2200,-2.2778541,0.1764544,0.1413503,0.1,2.19722457733622,0.3897812,0.9,0.895104895104895,0.117126783637419,0.185897435897436,-2.27949564694167,0.00193204145626172,0.17771008430669,0.00208440135293532,0.143991589642056,0.00645584813116286,2.18187205412619,0.11148869948007,1.01521595034321,0.753937031086915,-2.28051723913772,0.00212803006454764,0.162711821138906,0.00222242611459138,0.151507889367173,0.00647450855136656,-2.27780824070183,0.00559725033821592,0.17564197662858,0.00633831896483819,0.135513349726538,0.0186136103362275,1.98780686286633,0.33496271788347,1.59508841746404,2.25116855862806,-2.27910628361188,0.00203526086110706,0.177672110501457,0.00676830479056051,0.141724028707624,0.00205506420770053,2.14010581973776,0.118922563015846,1.36585697086049,0.848499961660535,"Converged",""
"11422-5",2200,-2.2778541,0.1764544,0.1413503,0.1,2.19722457733622,0.3897812,0.9,0.886075949367089,0.117292432036991,0.187657430730479,-2.2791375137134,0.00188263941413842,0.179446603847213,0.0020680718252819,0.145881265509038,0.00601489267434839,2.0947640701608,0.109183562504388,1.48058198470936,0.734154077795525,-2.2815382903083,0.00207763451572765,0.16493959300164,0.00220279955910743,0.157525604382058,0.0060255680316883,-2.28074771722703,0.00599442835505938,0.179582070217235,0.00652792813437024,0.153087358175837,0.0225753326659821,1.70559800161883,0.317182158429525,4.14335482090474,2.92151626894615,-2.27860462861369,0.001980254134915,0.179117925576828,0.00650821401165777,0.144889667470634,0.00202637759222608,2.06521672446103,0.118265101854273,1.60688000539061,0.810959971827109,"Converged",""
"11422-6",2200,-2.2778541,0.1764544,0.1413503,0.1,2.19722457733622,0.3897812,0.9,0.902597402597403,0.116933389279536,0.190886699507389,-2.2788327747175,0.00189136872363567,0.178595090940436,0.00206123415802239,0.135187298372079,0.00621545639788329,2.19912185949462,0.107099747457753,-0.0616443591035581,0.58076904743161,-2.27901761267103,0.00207379666411566,0.162390107109752,0.00219252149696957,0.134460711523703,0.00621229839135958,-2.27361020026267,0.0061215630802885,0.168531192773512,0.00653587101959108,0.119971408676601,0.0206774359511404,2.45827594558579,0.364525480963853,-1.75549092285467,1.63067558164033,-2.27853263530563,0.00200509171333136,0.178570054690783,0.00655753232757294,0.13369203212905,0.00203174625407747,2.17422282204691,0.115057973818018,0.0828952873627683,0.638865608676884,"Converged",""
"11422-7",2200,-2.2778541,0.1764544,0.1413503,0.1,2.19722457733622,0.3897812,0.9,0.897435897435897,0.11713604877031,0.17258883248731,-2.27867440872294,0.00190058055941953,0.176552583420613,0.00207355113083655,0.137529328470356,0.00586640996241622,2.26793524892737,0.113758754315217,0.643321749871837,0.654008448352806,-2.28027518182112,0.00207207695874235,0.163537412716577,0.00219519896194191,0.142699948656467,0.00587232449571236,-2.27333012702434,0.0059658382469317,0.169452047321577,0.00653405892162017,0.12436872433758,0.0202870370631761,2.45252259926169,0.348275815691728,-2.0164036838055,1.38839949656591,-2.27930631706557,0.00202521016713687,0.176511844716987,0.00625551988788044,0.139108772838186,0.00203820029190516,2.33675603357565,0.128965122172846,0.461391534929713,0.700613167589789,"Converged",""
"11422-8",2200,-2.2778541,0.1764544,0.1413503,0.1,2.19722457733622,0.3897812,0.9,0.944055944055944,0.117073593941516,0.170294494238156,-2.27918760808473,0.00190653197505455,0.175533595131481,0.00207989268224362,0.148359590020551,0.00617755756065149,2.32072335676875,0.11523635141138,0.439852399420083,0.692175564145691,-2.2802294557451,0.00207467200998315,0.162513229609556,0.00220048952822614,0.15174012089014,0.00618402054774391,-2.28329124097501,0.00563363732986427,0.181601738619897,0.00644912459162009,0.142276020350719,0.0186529104850524,2.78358110700323,0.469357077343624,0.332058646621663,2.39638906513659,-2.27924022789426,0.00202796502484565,0.175728689207706,0.00656857323282632,0.150521271893841,0.00204469568930978,2.31836407860364,0.12628063404418,0.125194808179676,0.689615385522249,"Converged",""
"11422-9",2200,-2.2778541,0.1764544,0.1413503,0.1,2.19722457733622,0.3897812,0.9,0.919753086419753,0.117196185060868,0.201776649746193,-2.27757760073303,0.00186521531433507,0.17676804842802,0.00207166085034025,0.140343710345697,0.00576495934863417,2.14958074921217,0.10390753873701,0.313262973096951,0.577962516267055,-2.27878513385548,0.00206591286805263,0.161304333355085,0.00221776531443214,0.143864573543566,0.00577483605396989,-2.28194571764704,0.00639586354035521,0.175522740055015,0.00676367726534486,0.173087385018489,0.0216409104830931,2.24826543920201,0.364640753252468,2.17051204679981,2.8988433591226,-2.27809706113659,0.00199981369813764,0.176757024551111,0.00651551675298155,0.143279038076951,0.0020544273996962,2.19900307061996,0.112991066962916,0.0121303935827185,0.60755922598995,"Converged",""
"11422-10",2200,-2.2778541,0.1764544,0.1413503,0.1,2.19722457733622,0.3897812,0.9,0.937888198757764,0.117376548506148,0.177944862155388,-2.2762811607247,0.00189200225143032,0.176297704879646,0.00206392175781345,0.14414012894776,0.00602083874308667,2.10008604258897,0.112804785888898,1.87217031974956,0.78552823786856,-2.27930071509079,0.00207850936860506,0.163335297878738,0.00219049616690067,0.156735947772147,0.00602986274124547,-2.27412122221725,0.00656664438454683,0.177167464303485,0.00686423162949269,0.157733170452671,0.0197679131947077,2.79423415317133,0.425059255638185,-0.747349487800998,2.42928507046397,-2.27737275548087,0.00200153824922961,0.176714844092425,0.00626459902200303,0.148248254269767,0.00203569259259041,2.19300951998175,0.123735818019177,1.20819563779311,0.791601100942761,"Converged",""
"11422-11",2200,-2.2778541,0.1764544,0.1413503,0.1,2.19722457733622,0.3897812,0.9,0.911949685534591,0.117397511829921,0.2,-2.27990028446464,0.00195322639240156,0.177082045789972,0.00211174052938817,0.145162607523896,0.00632686872010293,2.17137570766649,0.108795009828502,1.20515340732543,0.737268029346523,-2.27990392062818,0.00216873691004537,0.160739612738531,0.00226968853336527,0.153933444793614,0.00634021518338196,-2.28337102652643,0.0062821578770835,0.179760979438087,0.0066707199850246,0.149586380565976,0.0212094986425219,2.30096607938966,0.362519415302852,0.35010785483322,2.24720012704245,-2.27855053435917,0.00206218274501884,0.176787344448488,0.00687995895086236,0.142767414276319,0.00206425893863148,2.07077268001245,0.11532263685427,1.43419682353147,0.80117367362211,"Converged",""
"11422-12",2200,-2.2778541,0.1764544,0.1413503,0.1,2.19722457733622,0.3897812,0.9,0.89261744966443,0.117063658391465,0.178398058252427,-2.27711676647124,0.00184509423052083,0.176182147590913,0.0020477832447593,0.145167436745963,0.00581894608209911,2.12605806980828,0.109228924006641,1.00728935662076,0.653764823353224,-2.27725213482512,0.00201780209271869,0.15928190220029,0.00216487092129398,0.153262289790299,0.00582237789930582,-2.27114454277869,0.00578068886372117,0.172967249136999,0.00640817671216338,0.130249217107631,0.0179710323197655,2.50824166770289,0.356432830111423,-2.47553017709886,1.23015144211625,-2.27712774857443,0.00194399957415684,0.176133449865312,0.00618366019556061,0.146032334337409,0.00201919505842873,2.13299154028882,0.116692476075283,0.878467468712836,0.673189191751455,"Converged",""
"11422-13",2200,-2.2778541,0.1764544,0.1413503,0.1,2.19722457733622,0.3897812,0.9,0.842465753424658,0.11697378249313,0.173859432799014,-2.28202448274428,0.00189869082666794,0.180736872169113,0.00206274353554597,0.15231362019872,0.00625645788557325,2.40373920180672,0.115423991719907,-0.96525907678896,0.577318054860849,-2.27928880002968,0.00205071442658824,0.163199658207401,0.00217632811515935,0.14287054697163,0.00625983092175418,-2.27979799297858,0.0058303051621852,0.177358588369179,0.00634736650379946,0.176809893699825,0.0211032978069722,1.86164187312368,0.300460945885908,-1.59590548556082,1.55917795793139,-2.28169598301678,0.00198497760407859,0.180692137661421,0.00663053012117944,0.152309543452123,0.00203023652081647,2.37537163845527,0.122508044692329,-0.961150308488635,0.595836869901036,"Converged",""
"11422-14",2200,-2.2778541,0.1764544,0.1413503,0.1,2.19722457733622,0.3897812,0.9,0.925675675675676,0.116902661969936,0.189937106918239,-2.27514250266896,0.0018734595607239,0.172170082749194,0.00206716322908543,0.130411055196276,0.00630786809928652,2.18908162678162,0.108881093327032,0.374511141352305,0.624529875870487,-2.27595424474628,0.00205589482156401,0.157214847197197,0.00219984786097626,0.134065473811195,0.00631663365881825,-2.27710335647577,0.00571521138404131,0.176075665473295,0.00647520112462651,0.156275376678524,0.0220887261796056,2.4942588042395,0.387667811143758,0.264141076723846,2.21504534374714,-2.27542396745939,0.00198478314050502,0.17207862186218,0.0066119441783253,0.134138632962898,0.00202202685119264,2.22699436440876,0.120644210539836,-0.0389324243194577,0.617988722123179,"Converged",""
"11422-15",2200,-2.2778541,0.1764544,0.1413503,0.1,2.19722457733622,0.3897812,0.9,0.880281690140845,0.11723379856594,0.194904458598726,-2.27483885774449,0.00191386364052743,0.174133265704574,0.00207349783582762,0.134288993061981,0.00665426005485504,2.28205552275463,0.1106055886704,-0.492087780338766,0.583481017125095,-2.27387239969742,0.00209267018530418,0.157925771126069,0.00221196689695809,0.129089508204454,0.00665076850744766,-2.27232496433033,0.00538930144152714,0.166191600391071,0.00632577988985452,0.116053830920688,0.0234281179921266,1.56432874075621,0.330940481898319,6.08639627165888,3.84293919893025,-2.27475346995322,0.00203421352699937,0.174112742785377,0.00714048149206309,0.134274600669338,0.0020343801839677,2.27415713086967,0.120627063194348,-0.483638455611867,0.624587411091955,"Converged",""
"11422-16",2200,-2.2778541,0.1764544,0.1413503,0.1,2.19722457733622,0.3897812,0.9,0.919463087248322,0.116989510516319,0.204488778054863,-2.2801001564802,0.00187718461488024,0.177733548670008,0.0020639184424012,0.149984348365233,0.00619243070414913,2.08749098511422,0.104832749893243,0.5145427578111,0.622021004423521,-2.27946653163946,0.00207952381014194,0.15881843329747,0.00220846632792435,0.15490323026851,0.00620165574170543,-2.28422462435328,0.0060300389470737,0.180372541103185,0.00652839042597404,0.156391184141184,0.017400567493859,2.5171972660783,0.381941004146968,-0.673488860474065,1.82395005034898,-2.28072764053977,0.00202232436342132,0.177953568753298,0.00713879624278226,0.152450337946655,0.00203492677718081,2.13018545176018,0.115239060633561,0.267514307270738,0.656984664248013,"Converged",""
"11422-17",2200,-2.2778541,0.1764544,0.1413503,0.1,2.19722457733622,0.3897812,0.9,0.916666666666667,0.11750834617211,0.170380078636959,-2.27245068381061,0.00192705815677328,0.171070532827693,0.0020869003350815,0.13301683214295,0.00627294017691185,2.45899508526008,0.117107551191234,-0.464795677802129,0.581542141487625,-2.27251915868477,0.00208305040947531,0.158747804723977,0.00220831379929072,0.128723339403307,0.00627227076109193,-2.27040545184247,0.00650525185825378,0.166235279668728,0.00689917642875127,0.117332502234096,0.0207935505241137,2.36713309897962,0.365818497813429,0.283595327509087,2.21921768689918,-2.27351092226831,0.00203341779452558,0.171391156803967,0.00692438916885939,0.13799827223204,0.0020553065410719,2.54868711703201,0.131369450510688,-0.941462129436351,0.602277330397675,"Converged",""
"11422-18",2200,-2.2778541,0.1764544,0.1413503,0.1,2.19722457733622,0.3897812,0.9,0.907975460122699,0.116835936547003,0.183063511830635,-2.27996082015631,0.00186499034638482,0.176960637700251,0.00206598811804285,0.150621046439364,0.00609934671163556,2.30333922894009,0.108184815614187,-0.467942956401052,0.564301788135428,-2.27970267565426,0.00203416010644965,0.161717209376886,0.00219100466755231,0.146031897503852,0.00609747875018245,-2.28358584850178,0.00619722593951288,0.182469067293737,0.00673913797976036,0.153140412754062,0.0193328902826116,2.07442636596658,0.347556669625977,2.57415998997787,3.02084246274338,-2.27987520813012,0.00196053175797872,0.176827911539787,0.00663599056019214,0.15124961857477,0.00203453136733666,2.30389799130485,0.117688913226218,-0.530488493451625,0.602411123485949,"Converged",""
"11422-19",2200,-2.2778541,0.1764544,0.1413503,0.1,2.19722457733622,0.3897812,0.9,0.92156862745098,0.116771424545113,0.191747572815534,-2.27979358418079,0.00185403069218316,0.177086259589598,0.00204961954037412,0.144778897912043,0.0061614877954033,2.08942320463217,0.106473256838897,0.66625042136043,0.611190119159135,-2.28126734513974,0.0020375235443651,0.161185111433103,0.00217819327261791,0.151344745716175,0.0061630132908824,-2.27567344823256,0.00592823743818718,0.165567683647666,0.00654619756469846,0.159838960715016,0.0195915495508875,2.57201854309699,0.387736961420064,-0.824258595823904,1.73990240343404,-2.27969431051516,0.00195844912019866,0.177060500497922,0.00659647555191661,0.14396102464328,0.00201698385915627,2.07997305699423,0.115406708923169,0.773858239017056,0.657617116759822,"Converged",""
"11422-20",2200,-2.2778541,0.1764544,0.1413503,0.1,2.19722457733622,0.3897812,0.9,0.907407407407407,0.116888907785627,0.180572851805729,-2.27966792747802,0.00188783171950048,0.176521007815381,0.00206495655934526,0.143813920548797,0.00615349045199005,2.27477789896308,0.110243245680779,-0.0818091200910395,0.580940741859653,-2.28060736048494,0.00205809928596572,0.16255073248229,0.00218891083963578,0.143341560225016,0.00615857149572251,-2.2689404649002,0.0062158335967186,0.175220494414686,0.00667663982048772,0.117711027984372,0.0217548897731066,2.48494106994447,0.358559660359737,-1.59311146460824,1.65009553572274,-2.28023363120382,0.00199101287480956,0.176519844080397,0.00644023505295034,0.145972447939041,0.00203353257008505,2.33024965962556,0.120641032540112,-0.30213573555696,0.592511018395074,"Converged",""
"11422-21",2200,-2.2778541,0.1764544,0.1413503,0.1,2.19722457733622,0.3897812,0.9,0.890909090909091,0.117485560755627,0.178617992177314,-2.27800653033987,0.00192115242648142,0.177788649930244,0.00208721796248827,0.136691993533153,0.00592663405415675,2.25683710581564,0.1138682380344,0.820904668994832,0.677870876922927,-2.27845788801367,0.00210205404576517,0.163051971307755,0.00221779053024412,0.14281206881141,0.00593259570869473,-2.27503961362946,0.00627412487117201,0.180167974291403,0.00669980625515883,0.106240141493401,0.0229531431785248,2.01996094663727,0.320552905622555,0.833999541249437,2.19503817329531,-2.27778565994899,0.00203239362653738,0.17749408307315,0.00619067857212915,0.137602534310746,0.00205093895788731,2.26022494580902,0.123434137982374,0.659625696573493,0.694770981613119,"Converged",""
"11422-22",2200,-2.2778541,0.1764544,0.1413503,0.1,2.19722457733622,0.3897812,0.9,0.869047619047619,0.116958565181696,0.176691729323308,-2.2783737759569,0.00188067017402084,0.175572431678124,0.00206676046975547,0.147310198868536,0.0063364235204946,2.25105180896433,0.112860166905962,0.433032774893206,0.68341719712632,-2.27745276822501,0.00204947441007801,0.1590282882863,0.00218706833161394,0.150553227638566,0.00633952341153941,-2.27477225372191,0.00614754916910843,0.171263854331914,0.00664336821266131,0.16260707915257,0.022153331846875,1.72877419126193,0.294132430082464,1.68148302120586,2.08039964694518,-2.27835520773479,0.00198798922407237,0.175748897203212,0.00712333528257607,0.149327751364147,0.0020240355801136,2.24297096730762,0.121592512569663,0.166879016337233,0.719671308075101,"Converged",""
"11422-23",2200,-2.2778541,0.1764544,0.1413503,0.1,2.19722457733622,0.3897812,0.9,0.942307692307692,0.117301499101127,0.181818181818182,-2.27674102935527,0.00192160269609099,0.173192440370247,0.00207757668304306,0.14850064070682,0.00607945578190934,2.31618107139381,0.112315868448576,-0.1207508711818,0.583669132632132,-2.27674795165119,0.00209480486078584,0.158863454578797,0.00220611321370035,0.147295314117403,0.00608174743035763,-2.30167851402253,0.00632425949258335,0.198697263274337,0.00675089570760322,0.163639384563892,0.0187668140018743,2.82542983582876,0.431975158542346,-0.27243670722953,2.16187842753624,-2.27761790679125,0.00208627052748263,0.17340089673644,0.00704069943112753,0.150584684330132,0.00204593617320971,2.39353270407793,0.131424673496969,-0.352345636557282,0.669927451509833,"Converged",""
"11422-24",2200,-2.2778541,0.1764544,0.1413503,0.1,2.19722457733622,0.3897812,0.9,0.894736842105263,0.117077642274666,0.196969696969697,-2.27989316896624,0.00190831676531043,0.177537105886692,0.00207205448275034,0.143589735558299,0.00616161944458142,2.16328473318532,0.108296041966339,0.325547465351382,0.614623847438877,-2.2790768995709,0.00210233685971916,0.159620504801705,0.00221256493224121,0.146319582380131,0.00616736115576276,-2.28508207498786,0.00593018112600125,0.182658753784598,0.00646508283190357,0.159816857670231,0.0182095349202534,1.72330247260421,0.352994347782719,4.51236729766075,3.17999524095182,-2.27992806643353,0.00201560339125807,0.177437163072352,0.00651770788790023,0.144193349833277,0.00204593319714535,2.17210041630246,0.11675572148913,0.263695530164627,0.651240843526229,"Converged",""
"11422-25",2200,-2.2778541,0.1764544,0.1413503,0.1,2.19722457733622,0.3897812,0.9,0.886792452830189,0.117269244922085,0.17586649550706,-2.2775084132077,0.0019007607629117,0.176271787850204,0.00207862193273596,0.13793026884964,0.00593537232996559,2.30076919825628,0.114240076745729,0.342939156939625,0.651296710101921,-2.27892181761635,0.00207301300547244,0.163420755144062,0.00220401624988739,0.14068205936549,0.00593469672373507,-2.2729783357664,0.00587938744186718,0.179043585222312,0.00653100122424081,0.115008371637668,0.0180070067549302,1.87735798626067,0.314263520274096,1.74838678585188,2.07944554386396,-2.27804416548998,0.00200193206743023,0.176686217445699,0.00633549417776151,0.139972190825165,0.00204015412640982,2.33240724368536,0.124550935295648,0.0605325475271168,0.678691116151801,"Converged",""
"11422-26",2200,-2.2778541,0.1764544,0.1413503,0.1,2.19722457733622,0.3897812,0.9,0.896103896103896,0.116903346703418,0.180387409200969,-2.2801392740499,0.00188232032507482,0.179830538977797,0.00205551818397982,0.142777274407684,0.00591954101664726,2.15567548348714,0.109764970657996,0.620067280236492,0.667152881144316,-2.28203730034312,0.00206535714521365,0.165321816199392,0.00217937556528883,0.148086588814056,0.00593670535464858,-2.27842086199175,0.00610462725963664,0.178051806768294,0.0065531234374281,0.140388344722577,0.0203123136610114,2.11333581992487,0.335625266005766,0.417813111635033,2.15057893037318,-2.28036376824253,0.00199043318781961,0.179925930765278,0.00614731282944,0.141997246172288,0.00202474121560139,2.16493676426634,0.11930046132516,0.768414710640584,0.718722774636649,"Converged",""
"11422-27",2200,-2.2778541,0.1764544,0.1413503,0.1,2.19722457733622,0.3897812,0.9,0.921052631578947,0.116795586819875,0.196821515892421,-2.27861759229324,0.00186865230411561,0.175774803376704,0.00205588652709715,0.142295105661341,0.00604795620001594,2.08760004742059,0.105883202566363,0.575717805830805,0.629746971495462,-2.27855226923927,0.00206169971168724,0.157991769271213,0.0021906961817798,0.146862524342544,0.00604856623766897,-2.28450681273522,0.00599815898679228,0.180910352238755,0.0065404017538603,0.160207105047851,0.0177384236737593,1.43457875998393,0.401656526104061,19.4606404725064,8.97803853066162,-2.27851355566244,0.00196602617907112,0.175795792181056,0.00651193993807835,0.141319657932494,0.00202152189986246,2.07450328935559,0.114524007962351,0.706976833618153,0.684260513653011,"Converged",""
"11422-28",2200,-2.2778541,0.1764544,0.1413503,0.1,2.19722457733622,0.3897812,0.9,0.886792452830189,0.117311488982348,0.17550505050505,-2.27855181453678,0.00191189443316248,0.176753529872697,0.0020726555344557,0.15441790587539,0.00605377608568497,2.28445910316042,0.11265403212591,0.282608019496775,0.644299787876604,-2.27991653009365,0.00208674826958547,0.163495702839014,0.00219670364596745,0.157299148510391,0.00606715242894992,-2.27681855926154,0.00611502592865754,0.180473043429138,0.00657401123365153,0.130500758091745,0.0174706156294121,2.03309067759603,0.31345973114055,0.215667355630649,1.63678598821137,-2.27852163472404,0.0020236116474687,0.176881611359303,0.00647817005918914,0.153391564733362,0.00204020759714294,2.26980543675433,0.123205891699429,0.432720011848717,0.708068014094569,"Converged",""
"11422-29",2200,-2.2778541,0.1764544,0.1413503,0.1,2.19722457733622,0.3897812,0.9,0.94375,0.117090204797519,0.190594059405941,-2.27542473922552,0.00190113744642704,0.172790852982172,0.00206046925773081,0.142784171653731,0.00618248663327039,2.01274439556804,0.10982435851358,1.87325744064104,0.773676784091091,-2.27899779539469,0.00210604154120269,0.15945453876231,0.00219853179039675,0.156136154317957,0.00619983239226484,-2.28399489267049,0.00671210758732889,0.178335898723976,0.00687537336752864,0.140338014198585,0.0249228328190603,2.49457493802996,0.449979904988771,4.08369180033739,4.41001475347747,-2.27582383942278,0.00203049634649466,0.172916034854078,0.00676375129474215,0.142518047055747,0.00201646621341502,2.03359308849995,0.126446897646808,2.00727276572872,0.913501646539605,"Converged",""
"11422-30",2200,-2.2778541,0.1764544,0.1413503,0.1,2.19722457733622,0.3897812,0.9,0.852564102564103,0.116995419366874,0.188888888888889,-2.2794199324942,0.00188262565136674,0.17817905139148,0.00206053291350487,0.145817748722109,0.00610449759872401,2.12759593507413,0.108909705438371,0.751087186575831,0.678524003501428,-2.28170712178912,0.00207431188906344,0.163885477253364,0.00219326347778982,0.152604658292148,0.00612035763938274,-2.2839522086848,0.00601348809179923,0.179871433255648,0.00647063423899943,0.160790901263481,0.0175211814246205,1.60005599053762,0.288623071152731,1.48160965078591,1.87995301530898,-2.27934379573385,0.00197672492508048,0.177947160811166,0.00636063429565191,0.145669828899621,0.00201960060573486,2.1347508035726,0.118852118495632,0.772504664264641,0.725895568547037,"Converged",""
"11422-31",2200,-2.2778541,0.1764544,0.1413503,0.1,2.19722457733622,0.3897812,0.9,0.907801418439716,0.117069218744726,0.184343434343434,-2.28053085505148,0.00189393965702599,0.176769259595727,0.0020702708530238,0.146518151799849,0.00576593131020531,2.10141740269512,0.10996476617318,1.5666589964346,0.716225091690389,-2.28332940452053,0.00208768826588217,0.163200280490018,0.00220330873601711,0.158181302236759,0.00577706956683301,-2.28125067136249,0.00560460416088361,0.177100056326886,0.00635370903939807,0.126227573943964,0.0207966103006756,2.12199293785077,0.361479504541743,1.83234370059062,2.70242037531045,-2.27998852858032,0.00199844751979476,0.176783156155997,0.00607284536557874,0.143672894894913,0.00204065790749555,2.03664110433162,0.116764382607855,2.06585754415383,0.81784241350574,"Converged",""
"11422-32",2200,-2.2778541,0.1764544,0.1413503,0.1,2.19722457733622,0.3897812,0.9,0.914110429447853,0.117205453249422,0.19047619047619,-2.27852812989293,0.00193315745935019,0.176364000556613,0.00208094276455359,0.140749589190695,0.00647823726557957,2.24941608032888,0.112662006116367,0.122227855268196,0.641530109601641,-2.27779215441247,0.00211752534426954,0.159908881732592,0.00221861009902141,0.14128856322449,0.00647282900285652,-2.28444737621544,0.0065651196673354,0.176103599771005,0.00676543991122212,0.149717994033695,0.0211665576152555,2.0912286678277,0.374273299502151,2.63063464781504,2.75267186884818,-2.27820538394572,0.00205680175222223,0.176258054660494,0.00721711210745221,0.137414784640721,0.00204614031193888,2.22307442351308,0.124348982153615,0.491016105685015,0.747216069313915,"Converged",""
"11422-33",2200,-2.2778541,0.1764544,0.1413503,0.1,2.19722457733622,0.3897812,0.9,0.912280701754386,0.117057491832148,0.192259675405743,-2.27828004854326,0.00191675792719906,0.175519590708191,0.00206849194903881,0.14606558401371,0.00620072953395308,2.31360201710015,0.11079731713303,-0.875399031298769,0.547889544427291,-2.27577807050676,0.00209152082283303,0.157498143115418,0.0021998570578367,0.137198900997316,0.00620407514352247,-2.27338752731067,0.00649689073399724,0.176837345000436,0.00693268586267375,0.138076300376784,0.0159917320066893,2.19915975221619,0.343052422904785,1.2060182677756,1.96719869499996,-2.27770763229081,0.00200439969646467,0.175307437470207,0.00657441167013149,0.145089331577321,0.00202792301439133,2.27291430614899,0.118635151567094,-0.783300412148191,0.578755691973615,"Converged",""
"11422-34",2200,-2.2778541,0.1764544,0.1413503,0.1,2.19722457733622,0.3897812,0.9,0.94,0.117289933071041,0.177150192554557,-2.27650995499043,0.00188405180573521,0.176720887060602,0.00207750154798851,0.135312157814564,0.00627691307820784,2.30403758826196,0.112408455662273,0.252427631186872,0.633279928580648,-2.27757970640259,0.00205324952437008,0.163330147835248,0.00220311478933478,0.137833447404987,0.00627981886654578,-2.28129953221608,0.00585606934492558,0.178810447861864,0.0065654126631209,0.143187127703428,0.0202952725085573,2.4579102826857,0.446402934406749,3.61297726521943,4.26297024157737,-2.27663266069787,0.00199347256831033,0.176783988771751,0.00658117651107827,0.135489074144526,0.00204085735442206,2.31217329431099,0.124918891378383,0.233659190756665,0.672193927182578,"Converged",""
"11422-35",2200,-2.2778541,0.1764544,0.1413503,0.1,2.19722457733622,0.3897812,0.9,0.906040268456376,0.117094757485162,0.198473282442748,-2.27798174693022,0.00191438679537085,0.175948589572402,0.00207641480482826,0.139063526456821,0.00634796755268796,2.04437080183854,0.107450242152291,1.62738706794331,0.75141473565638,-2.28050415906166,0.0021278246456389,0.161142493115835,0.00222474246642108,0.151951223172654,0.00636517605415258,-2.26677059440429,0.00583792616544346,0.158914613387518,0.00647291502288736,0.135456655016091,0.0187421285594824,1.97245869885691,0.35564401386269,4.10399493815936,3.80617249488534,-2.27926886350802,0.00205236579167515,0.176351612573462,0.00660886666138597,0.1422196199611,0.00205998424625704,2.13853856368201,0.119095497388113,1.25542236924671,0.776552683164171,"Converged",""
"11422-36",2200,-2.2778541,0.1764544,0.1413503,0.1,2.19722457733622,0.3897812,0.9,0.875,0.117059443548527,0.188205771643664,-2.27541789268713,0.00187701101533019,0.173369509324142,0.00206652093270846,0.139407626016822,0.00607926280098102,2.17861590436969,0.109651690878566,0.542288969102596,0.67129316767726,-2.27633551132511,0.00206364246348862,0.15845484130534,0.0021989155083204,0.143619360633972,0.00608401063088366,-2.27698789158691,0.00571362990321893,0.178829340737407,0.0064325167389678,0.104104091098541,0.0194826092318916,1.92223914326146,0.313913290578462,0.249942938053534,2.0978459235086,-2.27485648171989,0.00198512908588169,0.173321140581272,0.00649644095411285,0.137820495530942,0.0020254427114694,2.12687880491045,0.118818354900812,0.731210464666107,0.731338708788266,"Converged",""
"11422-37",2200,-2.2778541,0.1764544,0.1413503,0.1,2.19722457733622,0.3897812,0.9,0.9,0.117375620315526,0.186351706036745,-2.278933189448,0.00192330149573345,0.176965472095831,0.00209028443161568,0.146356932473052,0.00640467511896612,2.05631015974028,0.114052330175142,2.75823250213289,0.904444103908024,-2.28030610017592,0.00212403459799532,0.161527607153362,0.0022297706486779,0.162943863645811,0.00641143347498952,-2.27171353489455,0.00647122715525026,0.173155555878165,0.00677254082713828,0.128389426093318,0.020546738000389,2.0067083911287,0.331714777485593,2.46588673923166,2.96532247617906,-2.27916074643898,0.00203399751803227,0.177047640146135,0.00671046735559039,0.147164244462705,0.00205673781520204,2.07555326543479,0.124258682124242,2.61342568336757,0.964622502718286,"Converged",""
"11422-38",2200,-2.2778541,0.1764544,0.1413503,0.1,2.19722457733622,0.3897812,0.9,0.931972789115646,0.116690514524256,0.165467625899281,-2.27757695880462,0.00184037897846187,0.175578349951405,0.00204617410593481,0.141916712251272,0.00600009935298791,2.21627542134725,0.111545663748187,0.739233661234739,0.686393520316961,-2.27830549419694,0.0019997597788476,0.160817078642031,0.00215253049237833,0.147494313443126,0.00600828043318301,-2.28721246115655,0.00599961244876271,0.185316239145214,0.00650244570776383,0.139598090346093,0.0233908659289277,2.32346841580739,0.424393981210224,3.61481808153296,3.99770940733817,-2.2777391989023,0.00194417495149022,0.175461442937104,0.00645222869179251,0.140362517092048,0.00200900824751424,2.23153356475657,0.124503295142723,1.04904210166072,0.798938192432414,"Converged",""
"11422-39",2200,-2.2778541,0.1764544,0.1413503,0.1,2.19722457733622,0.3897812,0.9,0.912162162162162,0.116899663959676,0.160342717258262,-2.27640137593972,0.00190564416853967,0.174500863934702,0.00206444258482707,0.140733998618451,0.00619218114884261,2.38918831878974,0.115238179226259,-0.299380536404685,0.634334768273571,-2.27642163070566,0.0020589823096699,0.1609270242767,0.00217063950833722,0.138539644008221,0.00620114527440457,-2.27858822345686,0.00604542671954993,0.172701125945577,0.00650639450230892,0.159076710647942,0.0198586484835584,2.11329949950801,0.376569720544618,2.58930464140044,3.13009305900413,-2.27573090813222,0.00200807317799035,0.17431861693983,0.00688377682793714,0.139532069973651,0.00202015509070854,2.33201303252986,0.123447914874088,-0.170479729582401,0.680311886628057,"Converged",""
"11422-40",2200,-2.2778541,0.1764544,0.1413503,0.1,2.19722457733622,0.3897812,0.9,0.929032258064516,0.116886002183379,0.170523751522533,-2.2789974714541,0.00186231192566005,0.175962443642441,0.00205120836309256,0.152298348530968,0.0061283187190064,2.31805921931498,0.111665329089826,-0.258476151833235,0.561181516058786,-2.27883501446529,0.00201543769621086,0.161138484041119,0.0021618767318672,0.15004677802814,0.00613399281262196,-2.2715833463569,0.00620664830709231,0.166576629496673,0.00660827108627357,0.171140842841266,0.0202563952783985,2.56455712255411,0.412601748626138,0.0663479054857126,2.43544152154154,-2.2796184920351,0.00197087995568745,0.176309917540012,0.00668763282509602,0.152074887402113,0.00202012387557377,2.35874728009149,0.124871854158133,-0.236315242529339,0.609995967248435,"Converged",""
"11422-41",2200,-2.2778541,0.1764544,0.1413503,0.1,2.19722457733622,0.3897812,0.9,0.905660377358491,0.117372584372942,0.182741116751269,-2.27545673054457,0.00190131629129292,0.174597858945218,0.00207169486547801,0.139427244188763,0.00593774168997637,2.34900367311583,0.111965136132661,-0.532102382320652,0.539657192860251,-2.2753391922211,0.00206911337161719,0.160347193627297,0.00219926264243445,0.134386541371016,0.00593765689591308,-2.27084058581081,0.00604682338640808,0.171901591107737,0.00660221716592299,0.125044912836964,0.0194829370958855,2.16682025636021,0.340189472485876,0.910247616237483,2.10794844115712,-2.27524567661973,0.00200412232977828,0.174457765666887,0.00640248981355304,0.13652246724704,0.00203904487743002,2.33770317070574,0.123864870820589,-0.25160976836163,0.611366118350489,"Converged",""
"11422-42",2200,-2.2778541,0.1764544,0.1413503,0.1,2.19722457733622,0.3897812,0.9,0.922077922077922,0.117036085575787,0.176470588235294,-2.27431588524731,0.00187734568552035,0.172737286078753,0.00206397970075975,0.133852600027428,0.00636124621240823,2.23630132679401,0.112083075471723,0.565801645026937,0.678703220305144,-2.27439113929206,0.00204791984623565,0.157450338268644,0.00218435460811918,0.138788857005382,0.00637246966681805,-2.26392628614752,0.00595131218590872,0.161195654232591,0.00656153075593565,0.135676002389734,0.0201514380081736,2.40075343520182,0.368659413209072,0.787188586659403,2.54933394601033,-2.27444175282724,0.00196965780126474,0.17256092100124,0.00680011107641757,0.133914709267397,0.00202570995826874,2.25892409094505,0.122344537580491,0.581585116605976,0.734841218026277,"Converged",""
"11422-43",2200,-2.2778541,0.1764544,0.1413503,0.1,2.19722457733622,0.3897812,0.9,0.86875,0.117076933765879,0.178660049627792,-2.279426218523,0.00185920912893519,0.177697881982364,0.00205890835285601,0.144929043180788,0.00606491609284443,2.13969696215368,0.112196522926321,1.15956547519178,0.678410193841117,-2.28187635283638,0.00203268299940073,0.163980728412732,0.00217999507634509,0.154985976109133,0.00606945439659722,-2.27366256346101,0.00592698817913485,0.171807784245436,0.00648225672801226,0.160831856376056,0.0189195834713656,1.78004068311634,0.305070895985874,1.01437084394881,1.91774922132259,-2.27849240841733,0.0019486795092017,0.177708902839881,0.00631689397660266,0.14211540375973,0.0020219885046888,2.05033341290246,0.118943840029553,1.48575672553224,0.727805076676381,"Converged",""
"11422-44",2200,-2.2778541,0.1764544,0.1413503,0.1,2.19722457733622,0.3897812,0.9,0.922077922077922,0.116963449945573,0.16871921182266,-2.28024671756788,0.00186733542815858,0.179215300060559,0.00205813737654148,0.144343785736367,0.00593747423521615,2.3072142874548,0.112066879540126,0.07416617345435,0.59681856186488,-2.27999308261859,0.00202569992314026,0.163849674045355,0.00216998939871183,0.145217797649973,0.00594994057510299,-2.27675553253065,0.00592948680765747,0.178415221224123,0.00657952478767508,0.121015443786578,0.0221518462328312,2.50900637599514,0.368102759029824,-0.386239279439581,2.08755823623479,-2.2802813242947,0.00194569359704538,0.179361656263957,0.00620680776909863,0.144443221692988,0.00203069258865651,2.30111489158984,0.118146134865311,0.0556200925267687,0.626133142412156,"Converged",""
"11422-45",2200,-2.2778541,0.1764544,0.1413503,0.1,2.19722457733622,0.3897812,0.9,0.900621118012422,0.117045918756538,0.17741935483871,-2.27856411845262,0.00186967970025092,0.176988595658555,0.00206131589990337,0.149394188433471,0.00603549654496769,2.15828786088892,0.110934982472734,1.19650786679893,0.743154849778301,-2.27929572379001,0.00204894186826479,0.161406450350979,0.00218361291629481,0.158148020573437,0.00604657844200863,-2.28112144148324,0.00627150204858507,0.183613357787989,0.00664764911521082,0.175111465049162,0.0248828774471973,2.09171121511766,0.354322854315767,1.2250639754937,2.72759217804039,-2.2780100990462,0.00197293963819413,0.176618056677071,0.00667415639394382,0.150330738264316,0.00201939572929294,2.14068566555342,0.119399293557961,0.959582122666641,0.803618741202912,"Converged",""
"11422-46",2200,-2.2778541,0.1764544,0.1413503,0.1,2.19722457733622,0.3897812,0.9,0.888888888888889,0.116684557317452,0.191411042944785,-2.2795227458272,0.00190007115009232,0.176920031184052,0.00206307698619507,0.134603240611573,0.00623345428263055,2.16553862134756,0.107572468090951,0.166643248673771,0.622000794314578,-2.27938656527679,0.00208980235017921,0.159924744935597,0.00219578014571481,0.135985980595638,0.00624682139543957,-2.28523705058589,0.00590762539626277,0.1824880642601,0.00646472326257641,0.127466190882689,0.020682862841801,1.98371238411296,0.331992625035084,0.847533002284872,1.96426705917811,-2.27879849036745,0.00199412710280295,0.176554295049682,0.00648971317511985,0.132994633672539,0.00201965295017125,2.12345163628837,0.115659349775495,0.318540581030082,0.659054850458264,"Converged",""
"11422-47",2200,-2.2778541,0.1764544,0.1413503,0.1,2.19722457733622,0.3897812,0.9,0.888198757763975,0.117348557435048,0.1913499344692,-2.27513522502643,0.00192500058182254,0.174524132924743,0.00209227195207436,0.135718554858868,0.00645313458331853,2.32688203853313,0.109248085940335,-0.377390263133832,0.605365389216432,-2.2748794958415,0.0021112052266527,0.159808851401909,0.002233690098235,0.13205216142519,0.0064517218860896,-2.27166683449828,0.00606907116868839,0.169666234294252,0.0065922743358505,0.134510247627408,0.0211811807261322,1.99847562689435,0.312219517796569,0.767165969893465,2.04025645791786,-2.27527717384531,0.00203117608312639,0.174523124625988,0.0067513213244216,0.136688652780912,0.00205495785980819,2.34106790041799,0.119218318105943,-0.477804404978674,0.623706603794958,"Converged",""
"11422-48",2200,-2.2778541,0.1764544,0.1413503,0.1,2.19722457733622,0.3897812,0.9,0.881944444444444,0.11688162620396,0.189290161892902,-2.27737666977701,0.00186948922865864,0.173894013479168,0.0020618215194399,0.139281595061136,0.00626635777242372,2.07820032814238,0.108148694669423,1.33204881717018,0.693326665228224,-2.27965891825587,0.0020590433816142,0.159359679228037,0.00219331155057589,0.150711784736616,0.00626916427956586,-2.27637091823471,0.00553049269695924,0.170441705944938,0.00633783292583523,0.148686608382043,0.025130107638033,1.76522949262185,0.332434454219154,2.79474809742909,2.74226477947403,-2.27689194871834,0.0019858155938156,0.173657461108317,0.00689197073605969,0.13707264418416,0.00201781636410114,2.0413543292524,0.120297612995605,1.66866862654728,0.818516023178139,"Converged",""
"11422-49",2200,-2.2778541,0.1764544,0.1413503,0.1,2.19722457733622,0.3897812,0.9,0.90625,0.116979454624984,0.17741935483871,-2.27830326834094,0.00186767683774651,0.176407124692574,0.00206059050482673,0.142147768957854,0.00601245032260527,2.31468662181139,0.110828907688637,-0.31607373288285,0.554105420387453,-2.27625667144883,0.00202597686874718,0.159075763037192,0.00217887510634266,0.138178267718701,0.00599929680924826,-2.28589290480024,0.00605351171497479,0.185879476326261,0.006653116251601,0.151084315393997,0.019248356582521,2.23261980656625,0.348603444719017,0.333215970366927,2.0690911624018,-2.27894569570446,0.00195866843133131,0.176384625561205,0.0064304807506658,0.147304215367188,0.00202699855164981,2.37626219906399,0.121503631624947,-0.769878585454623,0.55918066593128,"Converged",""
"11422-50",2200,-2.2778541,0.1764544,0.1413503,0.1,2.19722457733622,0.3897812,0.9,0.913907284768212,0.116676655038847,0.197303921568627,-2.27990794880568,0.00187300360070449,0.179208376850605,0.00205655119983046,0.129794558611594,0.0066381396084416,2.07261357765913,0.107567996086964,0.741606814459911,0.672306480652085,-2.28037939291967,0.00206453737609434,0.161525801757595,0.00219182233789761,0.136683394160241,0.00664261252317592,-2.27882000003421,0.00607271346313524,0.177786550555982,0.00652997594703779,0.0857317053633335,0.0200777940340883,2.09778390001508,0.375682142943089,2.78532966110442,2.94862780922242,-2.28065875723617,0.00197566612683039,0.179852437400814,0.00688688525224653,0.130505967529947,0.00202682070560071,2.09928606397381,0.115440092230704,0.68116766972153,0.702504230000203,"Converged",""
"11422-51",2200,-2.2778541,0.1764544,0.1413503,0.1,2.19722457733622,0.3897812,0.9,0.893333333333333,0.116882826608903,0.180288461538462,-2.27758357519978,0.00189042498910651,0.176818325307882,0.00205297070461405,0.144545404090677,0.0062354397257432,2.18267609360496,0.110187818004211,0.262916229806043,0.663000758110119,-2.27895743869658,0.00206994323307779,0.162110974411239,0.00217474421526742,0.147239002558949,0.00624822436672748,-2.28583806620107,0.00598374502645516,0.18403660237178,0.00648729604086717,0.149752122259491,0.018550894605241,2.38464954188645,0.351893574521225,-1.98637876185518,1.54364798667518,-2.27877061505204,0.00202777296348978,0.176931413577909,0.00662675875967344,0.149009097596236,0.00201516880200175,2.29545449910329,0.125510478030177,-0.254427213876828,0.680782169478269,"Converged",""
"11422-52",2200,-2.2778541,0.1764544,0.1413503,0.1,2.19722457733622,0.3897812,0.9,0.89261744966443,0.11721248694035,0.17258883248731,-2.27921432735104,0.001891132320819,0.177887644000711,0.00207164000585065,0.141966395965922,0.00596063841425316,2.29968425684295,0.113284193315005,0.352826418945329,0.620251150439914,-2.28034506872234,0.00205809786940562,0.164394402179749,0.00219233995485953,0.145292188735565,0.00596526357213511,-2.2849305744361,0.00560465812717699,0.187666460732597,0.00641523833439853,0.154585223496309,0.0204024062270493,1.91977113982663,0.342866679772981,1.92408954069728,2.40265666363202,-2.27951540464719,0.0019964270262499,0.178074000358387,0.00629628990647214,0.142910142324228,0.00203307254335391,2.3177692821733,0.123619495245009,0.239420739848952,0.64530400878525,"Converged",""
"11422-53",2200,-2.2778541,0.1764544,0.1413503,0.1,2.19722457733622,0.3897812,0.9,0.888888888888889,0.117457107247567,0.184278350515464,-2.28102781090332,0.0019557963661265,0.180286454462302,0.00208803014971942,0.152921524044224,0.00621823304114224,2.21151295525775,0.112183720298672,0.826569068282901,0.703544265881622,-2.28207255141089,0.0021512961467825,0.165440084339029,0.0022267013438556,0.159282702107798,0.0062333953174865,-2.2765558527777,0.00621163793740267,0.172647079266569,0.00661562978582275,0.131800919086402,0.023033779959229,1.9615571142449,0.333975831467501,1.11212255459391,2.21964013969835,-2.28134484859083,0.00206507496278519,0.180280298107038,0.00655856270453883,0.153130713467983,0.00206058864102997,2.23996241400815,0.12427480150952,0.828892761769053,0.773094667613432,"Converged",""
"11422-54",2200,-2.2778541,0.1764544,0.1413503,0.1,2.19722457733622,0.3897812,0.9,0.9375,0.117143467065748,0.182151589242054,-2.27225408972864,0.00188242099349867,0.171781563350387,0.00205423184737876,0.13841204092969,0.00620382641089584,2.21430809744077,0.10926975748515,0.119956115382782,0.623161568805943,-2.27245706897844,0.00205902467918427,0.156370084449185,0.00217717789321078,0.139657703666322,0.00621463212334041,-2.269393193606,0.00584085414298607,0.170142217963102,0.00647755660884755,0.107303049281263,0.0181464290411743,2.2910232925068,0.433979750365905,6.45643143022521,5.70308804708534,-2.27228480835462,0.00198029939970834,0.171584276434189,0.00645238615714662,0.137563096488894,0.00201664340688334,2.22753106424859,0.120996197646445,0.241878593599291,0.677846812712629,"Converged",""
"11422-55",2200,-2.2778541,0.1764544,0.1413503,0.1,2.19722457733622,0.3897812,0.9,0.8875,0.116710946410744,0.201722017220172,-2.27849687140938,0.00188524027758737,0.175798054561145,0.00206111614824026,0.140614334753957,0.00651348422418776,2.12697302681071,0.104668948984001,0.0766891231709564,0.615323962175665,-2.27850709432428,0.00208286446501342,0.158462034699703,0.00220169694454779,0.1417251197707,0.00652828947393072,-2.27646386605262,0.00591545012234325,0.163616303431257,0.00657289563491814,0.180223979948534,0.0232561465497544,1.9239530403007,0.317276333167266,1.48204548724028,2.23649434710713,-2.27923654519129,0.00201384352930227,0.17627202720966,0.0071745893253768,0.143917229024829,0.00202922238773515,2.16171174546112,0.115193993516228,-0.211087237691697,0.671330931720246,"Converged",""
"11422-56",2200,-2.2778541,0.1764544,0.1413503,0.1,2.19722457733622,0.3897812,0.9,0.925,0.117297275517016,0.183673469387755,-2.27538307420471,0.00189733514459403,0.174155569254399,0.00207352104018591,0.137141650972494,0.0061014389683188,2.17085925226935,0.11145060932063,1.07873996189891,0.698951171876402,-2.27652849632987,0.0020828843199748,0.159538707539991,0.00220480692554281,0.145167444514805,0.00610649775104159,-2.28458877776882,0.00620050998276736,0.176008165755341,0.00672460513830625,0.12891642305666,0.0187121805552204,2.12151279960195,0.38414262686141,4.20088407864368,3.33926376949123,-2.27593294466117,0.00199631998548031,0.174470283137648,0.00642637620632482,0.136714857188602,0.00204682556543108,2.19848158199514,0.123544852255287,1.20236154567255,0.794140166195684,"Converged",""
"11422-57",2200,-2.2778541,0.1764544,0.1413503,0.1,2.19722457733622,0.3897812,0.9,0.916666666666667,0.117338737699241,0.193838254172015,-2.27709581488767,0.00192320545875482,0.175285657855587,0.0020808926204026,0.145779680981862,0.00613923246132807,2.19326885780089,0.108876223877021,0.449869791570606,0.643470104895574,-2.27719517402085,0.00212020764518751,0.159294077659633,0.00222291866622507,0.149400272788272,0.0061501213116817,-2.27211941477527,0.00624415046432192,0.167706960719868,0.00658816659245183,0.131798902528604,0.0223709893726061,2.57427424681625,0.396378234795585,-1.37405806885851,1.93193466046231,-2.27668903660934,0.0020744563121151,0.175162309696326,0.00676966258847202,0.144079550740755,0.0020455653341892,2.16024561323208,0.12004856793534,0.664488171569288,0.715153495461432,"Converged",""
"11422-58",2200,-2.2778541,0.1764544,0.1413503,0.1,2.19722457733622,0.3897812,0.9,0.876712328767123,0.117095719743244,0.183979974968711,-2.27893745005179,0.00188222906166378,0.176412996644383,0.00206580605431761,0.14907082318057,0.00595687886137163,2.15289719041322,0.111029013397935,0.955544496682176,0.696402923800594,-2.27906339602541,0.00206695805615843,0.159954135395364,0.00219422606148901,0.156175901917581,0.00596932921628912,-2.27900190787266,0.00566522064871363,0.178834424496852,0.00633356707326958,0.14242827605478,0.0232783867274469,1.71447140236315,0.331235738184919,2.56961501565489,2.54019367719466,-2.2789098591006,0.00199221306629725,0.176858958243552,0.00625334908285359,0.150406398936687,0.00202386157849083,2.13271974675876,0.11815215709498,0.706476297747103,0.699241868167864,"Converged",""
"11422-59",2200,-2.2778541,0.1764544,0.1413503,0.1,2.19722457733622,0.3897812,0.9,0.944444444444444,0.117288738771989,0.181933842239186,-2.27575842842791,0.00188275108992154,0.175546726944089,0.00207271165721251,0.131912855218158,0.00574166669260404,2.24558898123589,0.108705888882307,0.410159552198292,0.595960026807473,-2.27352356422362,0.00205841419714321,0.15720086864502,0.00219930255202895,0.134543328532116,0.00573962967892129,-2.28163255800439,0.00647700707324694,0.180266747288607,0.0068667977799063,0.162860809683138,0.0165020604772046,3.07840735942204,0.436995437307062,-1.58224561510245,1.47212205642586,-2.27524539154178,0.00198543493244155,0.175410798939255,0.00603977524517818,0.133258589718234,0.00203302982401359,2.21005978191146,0.113655928097429,0.218273512287826,0.595173353115832,"Converged",""
"11422-60",2200,-2.2778541,0.1764544,0.1413503,0.1,2.19722457733622,0.3897812,0.9,0.88961038961039,0.11642341975408,0.170336037079954,-2.27833342867303,0.00183366064931656,0.175830167144976,0.00203067689998099,0.142361717321615,0.00612727705831893,2.15981418768501,0.110137940499522,0.440196367907722,0.641740936310619,-2.27852862921122,0.00199221651761351,0.159392689145319,0.00213492231283687,0.145835293931295,0.00612596340617053,-2.27851677130966,0.00591145012852124,0.177761701383362,0.00649856630541683,0.12696833881096,0.0153690524922026,1.9801057172399,0.328254645654181,0.924340688897234,1.89221996991487,-2.27792176309656,0.00192112288961966,0.175764133393584,0.00638151429360277,0.139780586471547,0.00199371791729943,2.11718628564727,0.12040004450383,0.789119717856549,0.716626648767766,"Converged",""
"11422-61",2200,-2.2778541,0.1764544,0.1413503,0.1,2.19722457733622,0.3897812,0.9,0.896774193548387,0.117444925604924,0.17295188556567,-2.27802455046234,0.00192453371950691,0.176296291492672,0.00208486577220996,0.14683809090393,0.00623984349816861,2.22504654936772,0.116722123817974,1.44883242095193,0.778656702594762,-2.27957518307457,0.00210351392413562,0.162840555822433,0.00221081435380289,0.157285029728862,0.00625382959189346,-2.27243213767434,0.00618461551004467,0.174300055958005,0.00652287448723894,0.124964611353584,0.0222786774527398,2.09135265821668,0.361876753981296,0.655475640961828,2.37414844663354,-2.27793568587436,0.00204570032181203,0.176359712450174,0.00660558790200446,0.146855887253961,0.00204184029944181,2.21281519668976,0.127318173112108,1.42485286407211,0.830371378112768,"Converged",""
"11422-62",2200,-2.2778541,0.1764544,0.1413503,0.1,2.19722457733622,0.3897812,0.9,0.876623376623377,0.117293628015464,0.212198221092757,-2.27518248247673,0.00191514057286713,0.177198558881948,0.00207546918504445,0.124922321154409,0.00640243499262154,2.139070007484,0.104648726538615,-0.0326175721926647,0.590864179045192,-2.27514075952777,0.00212656571192153,0.159863457650757,0.00223162797475851,0.12471689638578,0.00641616673739173,-2.27479368431559,0.00593797207026677,0.173829073589919,0.00646613179109661,0.138095682968314,0.0210193297093539,1.82479861653049,0.308510329431814,1.50271179213723,2.26372266871719,-2.2744163421948,0.00205063823576482,0.176848074189498,0.00731975086314351,0.123998493327024,0.0020326217848003,2.0969318484408,0.114740755351717,0.0283659466773539,0.672472407181285,"Converged",""
"11422-63",2200,-2.2778541,0.1764544,0.1413503,0.1,2.19722457733622,0.3897812,0.9,0.888888888888889,0.117318058426149,0.181699346405229,-2.27619502772997,0.00192027407619654,0.173679556290995,0.00208924462676274,0.145957525833982,0.00640103939865879,2.34229123648931,0.114322901219779,-0.0727592355811012,0.664143056327527,-2.27655278757306,0.00209639699599031,0.160097449614461,0.00222167302328082,0.145130952316874,0.00640030885753632,-2.2667113666617,0.00608493258228764,0.166408166851095,0.00659035003423048,0.154103352363947,0.0219498566973798,1.78693940122167,0.330858166655127,3.11688599056744,2.66383467657547,-2.27619250491549,0.00204466775139314,0.173694951089341,0.00692568595927607,0.144869804255764,0.00205929307139749,2.33624399229755,0.127348932015265,0.0866390830871746,0.772761584974369,"Converged",""
"11422-64",2200,-2.2778541,0.1764544,0.1413503,0.1,2.19722457733622,0.3897812,0.9,0.943396226415094,0.117470637467632,0.17555266579974,-2.27579154287185,0.00193506617291171,0.176076406846135,0.00209030283792585,0.136304841705666,0.00609522123153566,2.33933908750164,0.114933577218403,0.202404020012902,0.681679576323526,-2.27610279531398,0.00211222895659454,0.162256858666686,0.00221903832956948,0.137635024705448,0.00609857156855145,-2.27235270886448,0.00641530151905712,0.171700110365984,0.00677493409368305,0.124118419286766,0.0187464003641844,2.90421365644384,0.442010723768603,-0.705514250871034,2.03390611984762,-2.27545528972126,0.00202643969250616,0.176088716550968,0.00643770069657557,0.135066341106203,0.00204355355782169,2.30103813967937,0.12513424424867,0.370746094923836,0.747797963987294,"Converged",""
"11422-65",2200,-2.2778541,0.1764544,0.1413503,0.1,2.19722457733622,0.3897812,0.9,0.877551020408163,0.117444629791794,0.174644243208279,-2.27582535499456,0.00192352206189069,0.175466087266661,0.00208215706493889,0.132548299052418,0.0060743463366994,2.21615954204397,0.115411134972647,1.32771721781496,0.740565778691248,-2.27765449246558,0.00210508156761458,0.162285793844697,0.00220994994342869,0.142199946847353,0.00608540981310614,-2.27611331721487,0.00569915914331446,0.171908851420422,0.00634337260538745,0.137346693737126,0.0189827834057775,1.80298032320236,0.32002661680972,1.53969151482129,2.03096956997381,-2.27549295652637,0.00202969510445212,0.175095792542093,0.00648904793612165,0.131744881090945,0.00204144255616646,2.20685813578202,0.127523027847427,1.44947169637794,0.828455819367505,"Converged",""
"11422-66",2200,-2.2778541,0.1764544,0.1413503,0.1,2.19722457733622,0.3897812,0.9,0.926829268292683,0.117387207249941,0.175796178343949,-2.27500367200332,0.00190338592504963,0.174935066332741,0.00207339921538213,0.137130480823019,0.0060367745491693,2.26169073088725,0.114122234588629,0.609941197490984,0.687533882869816,-2.27519895650786,0.00207881976618799,0.160079250439243,0.00219769116122604,0.14164505536101,0.00604910262118015,-2.27356610678638,0.00693523068416252,0.170809146211769,0.0070250788742654,0.124420335442327,0.0222329716784692,2.71100315831742,0.40192028357861,-1.66575805906877,2.35896113260693,-2.27401383632895,0.00198381916038103,0.174700417114458,0.00624815836609579,0.135467834357553,0.0020312806660802,2.18075477702638,0.122147773569689,0.782500046163575,0.720177439589882,"Converged",""
"11422-67",2200,-2.2778541,0.1764544,0.1413503,0.1,2.19722457733622,0.3897812,0.9,0.900621118012422,0.117155558538562,0.177581863979849,-2.27875983033352,0.00188792460002675,0.177743029093705,0.00206853012688407,0.138069034116229,0.00593668366267639,2.24661714175979,0.113372046606211,0.462993652395499,0.640499450600285,-2.27828549866731,0.00205894972521632,0.161528112431232,0.00219117997761988,0.141585843136319,0.00593998950763036,-2.27609984148056,0.00625342117383829,0.172296510867007,0.0066450345966304,0.142003469733316,0.0222030476619118,2.12566589647203,0.354877381154565,0.751695814935537,2.36670408129384,-2.278246194591,0.00201006699500237,0.177431263067847,0.00646074160934117,0.138458917101065,0.00203019442698484,2.22159166082416,0.122135973771488,0.380395379029042,0.663370989033966,"Converged",""
"11422-68",2200,-2.2778541,0.1764544,0.1413503,0.1,2.19722457733622,0.3897812,0.9,0.851851851851852,0.116784506357219,0.191411042944785,-2.27955092427298,0.00187898390627051,0.177967017616835,0.00206043182030242,0.146947163387904,0.00648122278450577,2.15972425793355,0.107393269551535,0.236065746402514,0.666230136885472,-2.2806797522182,0.00206739793973685,0.162536342873459,0.0021929752737065,0.149144969706448,0.00648758574943061,-2.27829207013904,0.00615315336001226,0.169551634926745,0.00652566670790922,0.164682141741032,0.0262207180076469,1.71981791016308,0.298962179504513,0.322743170452507,2.23749248971617,-2.28020410039212,0.00199601468644136,0.178323467474138,0.00702270292095077,0.146383384613633,0.00202173145704321,2.19096186686478,0.11909793471088,0.362478278372835,0.742011978843024,"Converged",""
"11422-69",2200,-2.2778541,0.1764544,0.1413503,0.1,2.19722457733622,0.3897812,0.9,0.91566265060241,0.117454255882756,0.165545087483176,-2.27647789594443,0.00194272017976002,0.175405790001641,0.00210889419613243,0.136477379637218,0.00635540554895456,2.46341854255194,0.117306663549169,0.0833737995782386,0.69156343935998,-2.27678793219596,0.00210685922275012,0.16315944008892,0.00223210948216608,0.1369036839731,0.00635506178518917,-2.27530791094187,0.00628846048354445,0.178287255163737,0.00683159515633371,0.128393828625141,0.0230455139476264,2.0500889904706,0.357802616396163,4.76192054573538,3.99176989618562,-2.27548331683672,0.00204261171223219,0.175149544525316,0.00663806692392845,0.136046428739743,0.00206337357234769,2.37901909029825,0.124444827820746,0.088583293941631,0.70105859066426,"Converged",""
"11422-70",2200,-2.2778541,0.1764544,0.1413503,0.1,2.19722457733622,0.3897812,0.9,0.88622754491018,0.11691330414959,0.189090909090909,-2.27660912206342,0.00184648546054708,0.174957722240139,0.00204801882688509,0.145478573084082,0.00602978633753177,2.07633607980837,0.107183377626422,0.964658910458709,0.680527715048434,-2.27712757868559,0.00203272725966638,0.157940138816214,0.00217477499959099,0.153095965542644,0.0060322700891184,-2.27521407381641,0.00648984568412,0.177040287049387,0.00679083998601796,0.125023557002006,0.021757326738707,2.09241168425917,0.304418023120959,-0.40168889584701,1.79884135819503,-2.27657988950666,0.00194290945427706,0.17493894894078,0.00633598226238259,0.146304686017626,0.00201520462732464,2.07825428640427,0.114703274942635,0.834688841384681,0.70533630388965,"Converged",""
"11422-71",2200,-2.2778541,0.1764544,0.1413503,0.1,2.19722457733622,0.3897812,0.9,0.91304347826087,0.11753109142582,0.191040843214756,-2.27864075940892,0.00192397279517809,0.177121185517571,0.00209155601200748,0.147658198204912,0.00620505442329334,2.20031306700805,0.111382630705604,0.881913736448069,0.678270278172932,-2.27891235332259,0.00211797591917861,0.161345462592406,0.00223416780331073,0.154976360913179,0.00620977358021233,-2.27405475087233,0.00609136736691873,0.177436393560505,0.00667446746471124,0.110994691273559,0.015708328891983,2.03998652563804,0.350952062499845,3.18550507429307,2.75743048471229,-2.27781799334637,0.0020364410346455,0.176736698892696,0.00654990753587502,0.146266990299546,0.00205761427060682,2.14844669804847,0.119575173286431,1.026995474076,0.725714991696265,"Converged",""
"11422-72",2200,-2.2778541,0.1764544,0.1413503,0.1,2.19722457733622,0.3897812,0.9,0.884615384615385,0.117222343476446,0.215094339622642,-2.27759779246599,0.00190800422740079,0.176453234481403,0.00206790845462891,0.144404295229463,0.00628321215999502,2.11508397813574,0.103650613184202,-0.0775901916364921,0.557400939269879,-2.2790643435428,0.0021207814527673,0.160695460240489,0.0022253910339396,0.144358734428376,0.00629613875932923,-2.28965824151748,0.00638345267877973,0.188100479928997,0.00667544614455496,0.12603542465307,0.0213019766390328,2.13431048439312,0.321605871286617,-0.954476070118865,1.86281864143114,-2.27878254082018,0.00203378746583741,0.176831128250608,0.00702525115251393,0.147980896242967,0.00204093377910066,2.1915441821138,0.115450366391753,-0.368295147796299,0.597935033040311,"Converged",""
"11422-73",2200,-2.2778541,0.1764544,0.1413503,0.1,2.19722457733622,0.3897812,0.9,0.895061728395062,0.117132866844205,0.175742574257426,-2.27784359190145,0.00187107138910138,0.175763432320574,0.0020580720899848,0.148986324036924,0.005956051115411,2.24501041192191,0.111997526134737,0.326130019365402,0.614057269354491,-2.27825772707472,0.00203786355647898,0.160786919461802,0.00217663553518516,0.151959775033611,0.00596145323140289,-2.2786130240031,0.00634807251387913,0.178201902704879,0.00668696879982574,0.148812421843154,0.0219402851930674,2.49099378709431,0.354740562170111,-2.7969921862799,1.68368122195634,-2.27838105086344,0.00199437975148483,0.175792560886619,0.00631396145997149,0.148611446480128,0.00202950735548751,2.29402257904171,0.125331980367299,0.404924608453082,0.683474637654264,"Converged",""
"11422-74",2200,-2.2778541,0.1764544,0.1413503,0.1,2.19722457733622,0.3897812,0.9,0.927631578947368,0.117123534692501,0.182741116751269,-2.2789672495621,0.00192365734300311,0.176652790977709,0.00208017492278717,0.142940523981021,0.00598889514949959,2.21580627505096,0.111118938793526,0.64139603504861,0.68449031318768,-2.27994290650671,0.00211420469535598,0.162067651504725,0.00221381633464776,0.147868153508548,0.00600737022210831,-2.27022266725124,0.00576514170219008,0.16619242843235,0.00653586487197731,0.149145361924754,0.0200705699660607,2.41797806261392,0.379608375027757,1.52151099441674,2.79338992176958,-2.27916733167318,0.0020410254360332,0.176816412531522,0.00631431563833407,0.144542646104804,0.00204433514754599,2.23012192125301,0.121264587574546,0.399025435584678,0.691405590442484,"Converged",""
"11422-75",2200,-2.2778541,0.1764544,0.1413503,0.1,2.19722457733622,0.3897812,0.9,0.906666666666667,0.116936073846028,0.195516811955168,-2.28033337982982,0.00186792639683597,0.178178917863959,0.00206421837685858,0.15014893370519,0.00614743428634798,2.08102847337654,0.105787847579229,1.04572216019368,0.688486149968425,-2.28059157388527,0.00206549097382631,0.160587394910726,0.00220182156334519,0.158804252437351,0.0061572809362677,-2.28369813017939,0.00580582438473149,0.180023028035706,0.00645751786112236,0.168322624343068,0.0179456930968749,2.21159379670852,0.346225898596618,0.566440399022785,1.94501206380337,-2.27947574166414,0.00196616618748642,0.177926200669354,0.00647353018060104,0.14879407298661,0.00202499513441003,2.02319094828986,0.112662633428087,1.1636498396049,0.719118166886335,"Converged",""
"11422-76",2200,-2.2778541,0.1764544,0.1413503,0.1,2.19722457733622,0.3897812,0.9,0.909090909090909,0.117517004138923,0.194805194805195,-2.27638137483662,0.00192800811618265,0.175936701182079,0.0020847236665537,0.145244472015382,0.00633566300715623,2.157209391975,0.109465427287667,0.940266931606519,0.697372102692925,-2.2772287528018,0.00213112739120095,0.160405242821089,0.00223073731304162,0.152991891502781,0.00634951651466118,-2.28613108062668,0.00606247089637783,0.18564058326129,0.00681953347902178,0.145757643207855,0.0198727462513736,2.00917893023975,0.332518547089765,3.28998274861731,2.74492969205777,-2.27568880550925,0.00204198858257664,0.175425017981068,0.00668225921565519,0.143121728309632,0.00204083382265709,2.12143731591575,0.120287836631949,1.2278798144641,0.765762098997905,"Converged",""
"11422-77",2200,-2.2778541,0.1764544,0.1413503,0.1,2.19722457733622,0.3897812,0.9,0.923566878980892,0.117169718874913,0.209937888198758,-2.27605525850939,0.00188622633818328,0.176493800376464,0.00206192927631209,0.134654148359661,0.00610764523565223,2.15313021850502,0.104312293254943,-0.358793082780833,0.537741174230983,-2.27505539228202,0.00208419007973508,0.158181211767962,0.00220955792349599,0.130609884590804,0.00610823215787973,-2.2773179800768,0.00616758223698878,0.177798243017287,0.00665504259532887,0.135264398642549,0.0226844130486804,2.65028348835122,0.389574300148271,-1.42870800726479,2.02351299466811,-2.27584148208317,0.00200825703834777,0.176922793436374,0.0063954211840771,0.132292058819636,0.00202228405756114,2.10863463691343,0.113369990112274,-0.134485616841742,0.577834851756241,"Converged",""
"11422-78",2200,-2.2778541,0.1764544,0.1413503,0.1,2.19722457733622,0.3897812,0.9,0.870967741935484,0.116983774172566,0.185731857318573,-2.27592207507895,0.00187362862376536,0.175382623282425,0.00205776807570167,0.133418611432599,0.00607003616057063,2.01935979682118,0.107807559669817,2.10058645857213,0.79708179870953,-2.27768230046755,0.0020713882475534,0.159527332108735,0.0021888882575494,0.147739550469002,0.00608677567375861,-2.27473623624385,0.00595082606263367,0.178655255280185,0.00645615899672061,0.128280275992248,0.020571287044966,1.89779647433926,0.301269828120058,0.114557386433921,1.79465069460337,-2.27579324200493,0.0019762574924841,0.175719229931791,0.00629703931071613,0.134165908884091,0.00201828965038706,1.9997617170875,0.113620636565419,1.83939273408758,0.793051708120527,"Converged",""
"11422-79",2200,-2.2778541,0.1764544,0.1413503,0.1,2.19722457733622,0.3897812,0.9,0.918367346938776,0.117055708607887,0.178351783517835,-2.27940454033172,0.00188642657905042,0.17994442240753,0.00205881530903284,0.138145606066252,0.00607332529700607,2.16750883010875,0.111892057370152,0.840492486193539,0.687591146500304,-2.28070248241834,0.00206506770131046,0.164850313813285,0.00218126130062667,0.14517624588425,0.00608929184832289,-2.27733203597177,0.00613136354678596,0.182291679806218,0.00647118467110368,0.140729635950502,0.0213226830587146,2.62021457240014,0.420863105455356,-1.58691732417968,2.12592791792557,-2.27938501479027,0.00199080647258715,0.179937902340315,0.00635856511771535,0.135745844571292,0.00202165223969886,2.15171063437921,0.122568695607655,1.27232113587888,0.778353099782982,"Converged",""
"11422-80",2200,-2.2778541,0.1764544,0.1413503,0.1,2.19722457733622,0.3897812,0.9,0.939189189189189,0.116923165883627,0.157372986369269,-2.27997059201211,0.00189432361719238,0.177075853303518,0.00206282298956866,0.146142563532195,0.00615437570983999,2.40668041190809,0.118398634110676,-0.100453169494075,0.630186369917251,-2.27984146911115,0.0020400474044056,0.163320431118869,0.00216662930559767,0.145580148012909,0.00616382520995435,-2.28309795720749,0.00603559815555541,0.176874996942106,0.0065190870357901,0.163318930555585,0.0235656900868827,2.55474309115345,0.448032976354019,1.95303941449713,3.43900730230541,-2.28046009420971,0.00199793118834359,0.176906754888675,0.00662835914368584,0.148901584889358,0.00202815849343837,2.4744426186822,0.131071916673325,-0.423621251100724,0.64423040927899,"Converged",""
"11422-81",2200,-2.2778541,0.1764544,0.1413503,0.1,2.19722457733622,0.3897812,0.9,0.921686746987952,0.11746432616007,0.19250645994832,-2.27523694391681,0.00192256812677996,0.173601665471232,0.00208414382568335,0.145498927571704,0.0059639245706387,2.3700953967416,0.108863597788063,-0.916809967708719,0.509798334244228,-2.27439626205131,0.00210024584759975,0.158807045764846,0.00222173108253328,0.136069400993662,0.00595874668546495,-2.27318415934411,0.00634134550369658,0.175235692881987,0.0068471707551501,0.13555788128189,0.0152215310723036,2.60150924641603,0.351677648491095,-0.934244610133648,1.23100331269203,-2.27490854360179,0.0020250905553646,0.173686181684855,0.00636526321778819,0.144105411041731,0.00205030049671381,2.33331237025243,0.116909624677298,-0.78918673971974,0.547358447221479,"Converged",""
"11422-82",2200,-2.2778541,0.1764544,0.1413503,0.1,2.19722457733622,0.3897812,0.9,0.933774834437086,0.11699228475477,0.196296296296296,-2.27510964137093,0.00186321789267482,0.174426700683007,0.00205688107212975,0.129965288834864,0.00610349984404922,2.17935812875845,0.106111259980741,-0.0954763911968017,0.551644867856893,-2.27559773193308,0.00204703576945253,0.158622414903954,0.00219213654770138,0.129365032598635,0.00610824291447892,-2.27347219738129,0.00591799502688581,0.166145198473135,0.00654995618503058,0.133833627802452,0.0190735925040463,1.88421579483408,0.42731183122434,13.2044696176214,7.75830133417033,-2.2751866569087,0.0019797480324715,0.174493775988458,0.00651009055878515,0.130157719502271,0.00201340753076452,2.18193041206844,0.115722863246049,-0.11106342637104,0.584281324388415,"Converged",""
"11422-83",2200,-2.2778541,0.1764544,0.1413503,0.1,2.19722457733622,0.3897812,0.9,0.896774193548387,0.117153201878248,0.194373401534527,-2.2784630282367,0.00191300179210231,0.176512150086437,0.00208056401614997,0.142455263932459,0.00613483166962525,2.15781259166179,0.108921740518876,0.729080323591373,0.687649922118683,-2.27858481398192,0.00211331169537354,0.160070233390103,0.00222375464108821,0.147565547388613,0.00614220143309811,-2.27717107255007,0.00592119090602747,0.170860958137551,0.00651489255769542,0.13812918571934,0.0205197919541169,1.94396260805377,0.351720227156327,2.20115401709934,2.61651494574755,-2.27809338426855,0.00199693580007537,0.176338877316769,0.0064239331305189,0.143983357436348,0.00203314297491192,2.14521951865518,0.116992447299163,0.459943448018522,0.692955465657132,"Converged",""
"11422-84",2200,-2.2778541,0.1764544,0.1413503,0.1,2.19722457733622,0.3897812,0.9,0.938356164383562,0.116900699610505,0.182941903584672,-2.27968084453349,0.00191593667613291,0.177670750461958,0.00206625283871032,0.14189422717648,0.00632367453804977,2.27239225341664,0.110880561067129,-0.280341751503562,0.599514667379373,-2.28033067075431,0.00209094190465838,0.163163580509643,0.0021922314545362,0.139575748590721,0.00632564464981172,-2.27506878335543,0.00613757978127226,0.168506272305183,0.0065670695990874,0.144224046873879,0.0174500375495122,3.3788729370369,0.491855014869496,-3.90627704292181,1.57409457306138,-2.28073211500143,0.00202666144921013,0.178250414210353,0.00676411907864484,0.142926740876772,0.00203472164802431,2.33445511046981,0.123497284613188,-0.363843421196816,0.640140504285084,"Converged",""
"11422-85",2200,-2.2778541,0.1764544,0.1413503,0.1,2.19722457733622,0.3897812,0.9,0.901840490797546,0.117726380524228,0.173455978975033,-2.27377035458295,0.00190873124604978,0.17591900796548,0.00208760925080472,0.128396685369188,0.00596322315681019,2.24807796400062,0.114127381583956,1.3434948171858,0.728681970532156,-2.27479645783209,0.0020861684067526,0.162082166462783,0.00221405604713255,0.13795980018595,0.00596830168818395,-2.27714880717278,0.00600916857998354,0.176197507583662,0.00668104139615601,0.14379857463664,0.018339527124494,1.95797155159458,0.327642075441864,2.94797037818342,2.72961981141065,-2.27374808388376,0.00200329966295138,0.175814819063709,0.00631360572546974,0.13096705359177,0.0020444359536179,2.26493479151268,0.124091110527187,0.892462343988534,0.735194556415045,"Converged",""
"11422-86",2200,-2.2778541,0.1764544,0.1413503,0.1,2.19722457733622,0.3897812,0.9,0.889655172413793,0.117217502284919,0.176020408163265,-2.2794156138543,0.00191291478286324,0.179418585462083,0.00207881669844717,0.13705502133823,0.00612524242033009,2.27924035353493,0.112981762359052,0.454999768126535,0.664788773142215,-2.27958785311515,0.00208780620820881,0.164378525653952,0.00220410460898988,0.140618007467468,0.00613048247973375,-2.27301682872172,0.00590476491021748,0.176139151782032,0.00644844189773561,0.142494147661709,0.0202128951437225,2.35089640916739,0.345549806346541,-2.34199128621801,1.69984921412756,-2.27853023554888,0.00199230092206087,0.179124054446927,0.00651784375217731,0.13579712716329,0.0020360937858487,2.21439752415638,0.119949400744423,0.568406553505957,0.70711418885094,"Converged",""
"11422-87",2200,-2.2778541,0.1764544,0.1413503,0.1,2.19722457733622,0.3897812,0.9,0.861538461538462,0.116700948377924,0.177856301531213,-2.27531414849618,0.00184000363147952,0.173803445221563,0.00203560931533098,0.135647147528392,0.00596705905825035,2.09098599348073,0.1086622848033,0.93684235811041,0.666326565877068,-2.27640367323173,0.00201360084141514,0.157822256311882,0.0021491516747516,0.143349763415726,0.00597700983628162,-2.2758289502046,0.00541878765385963,0.173703688911636,0.00619646686748641,0.13951112328513,0.0178555122395656,1.614017820969,0.335247023708623,1.64047984731092,1.86279231038905,-2.27502042214451,0.00195418375659356,0.173643935050856,0.00634893117675369,0.133480840014114,0.0020039394959095,2.06461312523742,0.120928500535282,1.28346815851136,0.780001355260332,"Converged",""
"11422-88",2200,-2.2778541,0.1764544,0.1413503,0.1,2.19722457733622,0.3897812,0.9,0.913333333333333,0.116917743160444,0.183063511830635,-2.27956308137574,0.0018471945849272,0.17534077677271,0.00206205838487049,0.147432447997536,0.00568672252649397,2.07974078589572,0.109154326636472,1.64579214474974,0.717595853516431,-2.28173769374549,0.00203194446213052,0.160856181907326,0.00218805693022321,0.159529931934774,0.005688742056615,-2.28395155339999,0.00587710412434534,0.176500265870231,0.00648498091489905,0.169249705673666,0.0153745681212339,2.21333734767666,0.350612602859338,1.32031789595753,2.08043874226028,-2.27869351164609,0.00192841879371139,0.175154157069127,0.00591616421195692,0.145740597081609,0.00202664581826391,2.01116377877383,0.116236769812779,1.84236604524635,0.784824852758132,"Converged",""
"11422-89",2200,-2.2778541,0.1764544,0.1413503,0.1,2.19722457733622,0.3897812,0.9,0.894409937888199,0.116842259440565,0.181818181818182,-2.27753078118925,0.00187340573267011,0.176753058684465,0.0020532859953855,0.135492341874159,0.00600033034879327,2.10873731405739,0.109709871340842,1.03978393585307,0.710176551513619,-2.27810930342832,0.00205849538213988,0.160255999515273,0.00217743832409066,0.142820566017583,0.00601509359230138,-2.28016109277953,0.00629410623017179,0.183473952532838,0.00664378286317669,0.13754027397108,0.020260964515862,2.05183087838064,0.325779997261859,0.812868350657553,2.03263767005966,-2.27745344218632,0.00198162073839705,0.176584693870468,0.00623756269214372,0.136826305688536,0.00202650846709375,2.11991997939977,0.116759735261733,0.800300308211081,0.722168075642031,"Converged",""
"11422-90",2200,-2.2778541,0.1764544,0.1413503,0.1,2.19722457733622,0.3897812,0.9,0.924050632911392,0.117357202122003,0.192207792207792,-2.27736769472586,0.00192163747857277,0.174726441908664,0.00208519474426551,0.145895363501827,0.0061611359898879,2.19271757335925,0.109867129157418,0.696395153439401,0.658452242502439,-2.2793030192902,0.00211840578011769,0.161180219857233,0.00222837829610284,0.151998531305564,0.00616661786968474,-2.27733033475754,0.00633767468888624,0.174300916526201,0.00667847203995463,0.146000599028229,0.0201774632318255,2.3891797881594,0.385736566956699,1.04485363878052,2.47947935464502,-2.27704672780305,0.00203821505782863,0.174617571276851,0.00662232110024181,0.145061375775892,0.00204694438695073,2.16925018158721,0.120615431337508,0.795371748789981,0.725352459876429,"Converged",""
"11422-91",2200,-2.2778541,0.1764544,0.1413503,0.1,2.19722457733622,0.3897812,0.9,0.894039735099338,0.117267263688458,0.197164948453608,-2.28079321138459,0.00191317119471658,0.180675910080408,0.00208141767593743,0.136696713034546,0.00617342916287937,2.20559743446177,0.108933784746843,0.217696035441958,0.597395791203863,-2.28090224257402,0.00210658866185297,0.164264045094593,0.00222592793224639,0.139024232744702,0.00618081239796717,-2.2792450232788,0.00606339009973029,0.182130176390492,0.00647609062617438,0.118939716402485,0.0197607912041957,2.08670295070483,0.336034628375846,0.414603772211201,1.92602383301429,-2.28107061156611,0.00206225393102761,0.180458952238267,0.00674566553326548,0.139441812001807,0.00205446574860977,2.24523542398174,0.119535914778612,-0.05702760870835,0.626153287552828,"Converged",""
"11422-92",2200,-2.2778541,0.1764544,0.1413503,0.1,2.19722457733622,0.3897812,0.9,0.851851851851852,0.116985793260518,0.181927710843374,-2.27449306663989,0.00185974699943664,0.173580943968295,0.00204691016595655,0.135629845386842,0.00572993236625021,2.19592336559384,0.107863951884687,0.0810060668152754,0.569900811713196,-2.2740004733539,0.00203330366683905,0.156802973175012,0.00216626898444312,0.136562410026518,0.00574262261630074,-2.27465549219319,0.00579204511540975,0.163741587731769,0.00647792169157126,0.161667126935704,0.0182146340284859,1.50692021399755,0.285113708845481,2.38275121592824,2.02180002366964,-2.2738606314776,0.00195188149750719,0.173310282553038,0.00603572176689402,0.13282915209257,0.00200983615507194,2.14893509278043,0.116698998170537,0.413706019881124,0.637652782997829,"Converged",""
"11422-93",2200,-2.2778541,0.1764544,0.1413503,0.1,2.19722457733622,0.3897812,0.9,0.878787878787879,0.116614466372699,0.210714285714286,-2.27777378969757,0.00186016286235168,0.175151488388955,0.00204491576203795,0.143245756880596,0.00618964472115918,2.11722256904816,0.100424192935969,-0.670485732318252,0.496425997941229,-2.27618679755463,0.00205335871334763,0.155551629970939,0.00218419924573386,0.135468887643322,0.00619998373717374,-2.27370157487374,0.00643976504759121,0.167538175831234,0.00669995638140697,0.169399061353681,0.0224298802631108,2.35532104079597,0.341519600182173,-3.06995569784903,1.7386663996311,-2.27750375417979,0.00196494634404684,0.174814009696999,0.00655368035168282,0.142803026119547,0.00200429914181707,2.11426867854875,0.108799836924963,-0.645252915687616,0.52469843444523,"Converged",""
"11422-94",2200,-2.2778541,0.1764544,0.1413503,0.1,2.19722457733622,0.3897812,0.9,0.894409937888199,0.116619211807882,0.195238095238095,-2.27836304784692,0.00185891390944487,0.177943161696767,0.0020440757868688,0.130108869572728,0.00618445693611249,2.01698335847655,0.105388957418759,0.9370469944061,0.662865048395721,-2.27874726277058,0.00205348253080349,0.15947258665269,0.00217477807322437,0.137724079107912,0.00619112982491552,-2.27905811627592,0.00599012570376678,0.175359066846728,0.00662638735246176,0.143233882182796,0.0172762782610693,1.8231487898344,0.33840147603512,3.72970987025396,3.15537117974988,-2.27890791753512,0.00197843450352675,0.177935803456079,0.00657986683718416,0.132703618956144,0.00200931758493616,2.06637241175712,0.115883310234395,0.645988684557466,0.712675211121855,"Converged",""
"11422-95",2200,-2.2778541,0.1764544,0.1413503,0.1,2.19722457733622,0.3897812,0.9,0.878980891719745,0.116981629094175,0.186335403726708,-2.2756331099192,0.00188965024243824,0.173456029364007,0.0020627369248471,0.134865639517511,0.00606908615395867,2.29190824579503,0.108600771199211,-0.520998606177952,0.536487174607271,-2.27546255654168,0.00206104458390748,0.15852549744985,0.00218956941600114,0.12959544588769,0.00606948414315364,-2.2756996192874,0.00583410069341555,0.17342941365423,0.00648088992993829,0.136673568548898,0.0170664823984337,1.9291040006006,0.299718643969127,0.464525223364509,1.56066567080127,-2.27665700410014,0.00201127776319532,0.173772866024792,0.00631996744577489,0.140847011768851,0.0020276613855992,2.36186081110292,0.119795633425842,-0.997423369086149,0.529155915459445,"Converged",""
"11422-96",2200,-2.2778541,0.1764544,0.1413503,0.1,2.19722457733622,0.3897812,0.9,0.928571428571429,0.11721409400087,0.176100628930818,-2.27781464730289,0.00191257820946203,0.179550564680901,0.00207720018018841,0.132011668202797,0.00596210932004078,2.26630753425111,0.11224268072329,0.387046499351033,0.687514511523099,-2.2779801670758,0.00209328953624345,0.164306959487961,0.0022033442835425,0.13486081241409,0.00597999113169715,-2.27121375747884,0.00629809680420181,0.180620861559557,0.00667124433529433,0.0953778569669818,0.0192476632218955,2.57742348648429,0.38356897801672,-0.120542480410962,2.12138994770163,-2.27723675518139,0.00200923136143307,0.179319687501909,0.0062443689877611,0.131971897347544,0.00204317652498504,2.2302218432796,0.120119494716708,0.34261371816103,0.723316855410614,"Converged",""
"11422-97",2200,-2.2778541,0.1764544,0.1413503,0.1,2.19722457733622,0.3897812,0.9,0.890322580645161,0.117217217848687,0.17875,-2.27454220119496,0.0019034989823555,0.173999425730532,0.00206675772904982,0.134486901409396,0.0060236183043381,2.36304399317193,0.112161801867153,-0.675266280042156,0.547794705880931,-2.27413198743402,0.002066940566412,0.159579098598547,0.0021881278586404,0.128214310211347,0.00602297907790965,-2.2745887051113,0.00608915490026099,0.170358873384462,0.00651261312535442,0.132435632077507,0.019850760309566,2.26269183618454,0.337104835919512,-1.28719267620297,1.52062639256881,-2.27406126691638,0.00200988737226896,0.174130445812481,0.00696374146939535,0.1343562418312,0.00203115811526265,2.30776227968129,0.121023106426809,-0.661807894259857,0.602386995144308,"Converged",""
"11422-98",2200,-2.2778541,0.1764544,0.1413503,0.1,2.19722457733622,0.3897812,0.9,0.9125,0.116612170254026,0.165666266506603,-2.28089011817223,0.00186108955828777,0.17869474147315,0.00204851225494641,0.147651765436832,0.00637029429032261,2.30460289184158,0.113310779605833,-0.104102920544446,0.627275316605605,-2.2806122425167,0.00201280344538561,0.163269654105115,0.00215396421099293,0.147187457763845,0.0063828080573555,-2.27582201631969,0.00623039626021016,0.170022321737064,0.00666765111903817,0.140925561079237,0.0206647192319402,2.29410761141275,0.364381663174988,0.459753444971185,2.19228675394833,-2.28099598254357,0.00196323507425037,0.178562450798866,0.006703498827766,0.147310080561421,0.00202795573685748,2.32327832140479,0.123377279309252,-0.0587654680952603,0.670639560051092,"Converged",""
"11422-99",2200,-2.2778541,0.1764544,0.1413503,0.1,2.19722457733622,0.3897812,0.9,0.897435897435897,0.117528140808098,0.188502673796791,-2.27843488207607,0.00193901666848186,0.176492574153738,0.00210009889802489,0.149070311287351,0.00646261640602906,2.30664645173521,0.111920529060559,0.231509921114639,0.641448778630226,-2.279260507158,0.00212647497371624,0.162793293350327,0.00224284882493953,0.151337052894597,0.00646629426327867,-2.27220196413153,0.00583591866530889,0.175618823952174,0.00652172218197608,0.1122277086204,0.0206265106583825,1.93901236521718,0.327699656712178,2.64095646809086,2.6509628671586,-2.27853146918109,0.0020462009438783,0.176788020435943,0.0068563882581933,0.146529249401447,0.0020747157769444,2.29142311803264,0.121539461409481,0.549224200924692,0.71794539238732,"Converged",""
"11422-100",2200,-2.2778541,0.1764544,0.1413503,0.1,2.19722457733622,0.3897812,0.9,0.860759493670886,0.117064702754309,0.194199243379571,-2.27547255701404,0.00190386946756229,0.173008268566768,0.00207397000169744,0.13926882072894,0.00612302366496092,2.24487385007587,0.106198514310921,-0.29667084397505,0.567628174020255,-2.27626157220892,0.00209456370258781,0.158634576491652,0.00221294731987316,0.136951071483999,0.00613242247497341,-2.27950051394881,0.00594735573857375,0.17813189047475,0.00647007064981523,0.147919168403219,0.0196288947530859,1.82720539519764,0.28771943512293,-0.0511070487709994,1.57644165954407,-2.27648062866232,0.00204400427563859,0.173449129524801,0.0066033288917915,0.141116461409017,0.00204027334631157,2.31194608383866,0.119417646202811,-0.468445658500061,0.594889797412271,"Converged",""
